-- MySQL dump 10.13  Distrib 5.5.31, for debian-linux-gnu (x86_64)
--
-- Host: localhost    Database: ldt
-- ------------------------------------------------------
-- Server version	5.5.31-0ubuntu0.12.04.1

/*!40101 SET @OLD_CHARACTER_SET_CLIENT=@@CHARACTER_SET_CLIENT */;
/*!40101 SET @OLD_CHARACTER_SET_RESULTS=@@CHARACTER_SET_RESULTS */;
/*!40101 SET @OLD_COLLATION_CONNECTION=@@COLLATION_CONNECTION */;
/*!40101 SET NAMES utf8 */;
/*!40103 SET @OLD_TIME_ZONE=@@TIME_ZONE */;
/*!40103 SET TIME_ZONE='+00:00' */;
/*!40014 SET @OLD_UNIQUE_CHECKS=@@UNIQUE_CHECKS, UNIQUE_CHECKS=0 */;
/*!40014 SET @OLD_FOREIGN_KEY_CHECKS=@@FOREIGN_KEY_CHECKS, FOREIGN_KEY_CHECKS=0 */;
/*!40101 SET @OLD_SQL_MODE=@@SQL_MODE, SQL_MODE='NO_AUTO_VALUE_ON_ZERO' */;
/*!40111 SET @OLD_SQL_NOTES=@@SQL_NOTES, SQL_NOTES=0 */;

--
-- Table structure for table `main_banner`
--

DROP TABLE IF EXISTS `main_banner`;
/*!40101 SET @saved_cs_client     = @@character_set_client */;
/*!40101 SET character_set_client = utf8 */;
CREATE TABLE `main_banner` (
  `id` int(11) NOT NULL AUTO_INCREMENT,
  `title` varchar(255) DEFAULT NULL,
  `sort` date NOT NULL,
  `show` date NOT NULL,
  `image` varchar(30) NOT NULL,
  PRIMARY KEY (`id`)
) ENGINE=InnoDB AUTO_INCREMENT=17 DEFAULT CHARSET=utf8;
/*!40101 SET character_set_client = @saved_cs_client */;

--
-- Dumping data for table `main_banner`
--

LOCK TABLES `main_banner` WRITE;
/*!40000 ALTER TABLE `main_banner` DISABLE KEYS */;
INSERT INTO `main_banner` VALUES (10,'tcl banner','2015-01-05','2015-01-05','20150105031929229598.jpg'),(11,'TVPad4','2015-01-07','2015-01-07','20150114032215731791.jpg'),(13,'TCL Cloud','2015-01-01','2015-01-01','20150114032232682018.jpg'),(14,'TCL C','2015-01-14','2015-01-14','20150114032239828634.jpg'),(16,'TV-Apps-Promotion','2015-01-01','2015-01-01','20150129080223333661.jpg');
/*!40000 ALTER TABLE `main_banner` ENABLE KEYS */;
UNLOCK TABLES;

--
-- Table structure for table `mini_banner`
--

DROP TABLE IF EXISTS `mini_banner`;
/*!40101 SET @saved_cs_client     = @@character_set_client */;
/*!40101 SET character_set_client = utf8 */;
CREATE TABLE `mini_banner` (
  `id` int(11) NOT NULL AUTO_INCREMENT,
  `title` varchar(255) DEFAULT NULL,
  `sort` date NOT NULL,
  `show` date NOT NULL,
  `image` varchar(30) NOT NULL,
  `link` varchar(255) NOT NULL,
  PRIMARY KEY (`id`)
) ENGINE=InnoDB AUTO_INCREMENT=38 DEFAULT CHARSET=utf8;
/*!40101 SET character_set_client = @saved_cs_client */;

--
-- Dumping data for table `mini_banner`
--

LOCK TABLES `mini_banner` WRITE;
/*!40000 ALTER TABLE `mini_banner` DISABLE KEYS */;
INSERT INTO `mini_banner` VALUES (36,'HD3','2015-01-15','2015-01-15','20150115050536784698.jpg','http://www.ldthk.com/life_digital/site/product-detail.php?id=123'),(37,'TVPAD4','2015-01-26','2015-01-26','20150127054650864054.jpg','http://www.ldthk.com/life_digital/site/product-detail.php?id=124');
/*!40000 ALTER TABLE `mini_banner` ENABLE KEYS */;
UNLOCK TABLES;

--
-- Table structure for table `news`
--

DROP TABLE IF EXISTS `news`;
/*!40101 SET @saved_cs_client     = @@character_set_client */;
/*!40101 SET character_set_client = utf8 */;
CREATE TABLE `news` (
  `id` int(11) NOT NULL AUTO_INCREMENT,
  `title` varchar(255) NOT NULL,
  `sort` date NOT NULL,
  `show` date NOT NULL,
  `description` text NOT NULL,
  `image` varchar(30) DEFAULT NULL,
  `link` varchar(255) DEFAULT NULL,
  PRIMARY KEY (`id`)
) ENGINE=InnoDB AUTO_INCREMENT=37 DEFAULT CHARSET=utf8;
/*!40101 SET character_set_client = @saved_cs_client */;

--
-- Dumping data for table `news`
--

LOCK TABLES `news` WRITE;
/*!40000 ALTER TABLE `news` DISABLE KEYS */;
INSERT INTO `news` VALUES (10,'終止Klasse 平板電腦維修支援','2014-06-18','2014-06-18','<p>本公司由即日起終止對&nbsp;品牌 Klasse&nbsp;之平板電腦&nbsp;維修服務支援 ，</p>\r\n\r\n<p>如對上述品牌有有任何維修服務問題，請聯系 Usmart Electronic Product Ltd.</p>\r\n\r\n<p>TEL : (852) 3666 9999&nbsp;</p>\r\n\r\n<p>&nbsp;</p>\r\n\r\n<p>&nbsp;</p>\r\n','',''),(11,'智能電視好拍檔 FlyMouse II 體感遙控 換購優惠','2014-05-14','2014-05-14','<p>由即日起，凡購買任何產品滿HK$300.00或以上 ,可用優惠價 HK$119.00 換購 FlyMouse II體感遙控(鍵盤+滑鼠) 。</p>\r\n\r\n<p>數量有限，售完即止。</p>\r\n\r\n<p>適用於任何 Media Box / Andriod TV Box /&nbsp;智能電視 /&nbsp;電腦</p>\r\n\r\n<p>詳情請聯絡本公司銷售熱線 : (852) 2856 9211</p>\r\n\r\n<p>&nbsp;</p>\r\n\r\n<p>&nbsp;</p>\r\n\r\n<p>&nbsp;</p>\r\n\r\n<p>&nbsp;</p>\r\n','20141215030819446737.jpg',''),(12,'最新型號 麥格電視 MAIGE TV HD3 強勢登場','2015-01-15','2015-01-15','<p>全球最強IPTV 麥格電視 HD3&nbsp;強勢登場</p>\r\n\r\n<p>HD3 除承續舊型 HD-2S&nbsp;穩定性及所有功能外，另新增多項功能 :&nbsp;</p>\r\n\r\n<p>(1)全新界面和固件系統，操作更容易</p>\r\n\r\n<p>(2)全新遙控器帶來操作體驗的革命性提升</p>\r\n\r\n<p>(3)直播增加回放功能(測試)，高/標清一鍵更換(測試)，雙語廣播功能(需要節目備有多音軌直播節目),屏幕比例切換&nbsp;</p>\r\n\r\n<p>(4)直播速度徹底優化，6M&nbsp;頻寬最快 0.5秒換台播放，優化直播收藏</p>\r\n\r\n<p>(5)點播速度優化，增加收藏，播放歷史，搜索功能</p>\r\n\r\n<p>其他IPTV電視盒&nbsp;，絕無能及 !&nbsp;</p>\r\n\r\n<p>如欲親身感受&nbsp;麥格電視 MAIGE TV HD3&nbsp;強勁功能，歡迎到本公司門市試玩 !!</p>\r\n\r\n<p>第一批現貨經已到港 ,&nbsp;售價 $2390.00</p>\r\n\r\n<p>&nbsp;</p>\r\n\r\n<p>&nbsp;</p>\r\n\r\n<p>&nbsp;</p>\r\n\r\n<p>&nbsp;</p>\r\n','20150115054511034055.jpg','http://www.ldthk.com/life_digital/site/product-detail.php?id=123'),(28,'海外華人中文電視第一品牌 TVPAD 4','2015-01-26','2015-01-26','<p>2015年最新型號 TVPAD4</p>\r\n\r\n<p><strong>配置更勝一籌</strong>&nbsp;&nbsp;</p>\r\n\r\n<p>H.265解碼 /4核心處理器 /Android 4.4&nbsp;</p>\r\n\r\n<p><strong>直播、點播、時移，海量內容超多選擇</strong></p>\r\n\r\n<p>賽事直播 /影視點播 /12小時延時重播 /72小時重播</p>\r\n\r\n<p><strong>簡單操作，快速上手</strong></p>\r\n\r\n<p>無刷機、無越獄、無翻牆、無註冊地域限制，開機僅需2步！</p>\r\n\r\n<p>全新體驗價 HK $ 2190.00</p>\r\n\r\n<p>詳情請聯絡本公司銷售熱線 : (852) 2856 9211</p>\r\n','20150127060728660732.jpg','http://www.ldthk.com/life_digital/site/product-detail.php?id=124'),(29,'Samsung 藍光播放機BD-F5100 特價優惠','2015-01-28','2015-01-28','<p><strong>Samsung 最新型號BD-F5100藍光播放機 </strong></p>\r\n\r\n<p><strong>特點 : </strong>讓您輕鬆連接各類型網絡內容及Smart智能服務，更可插入USB記憶棒或外置硬碟欣賞電影、相片、音樂及其他內容，<br />\r\n更強連接能力為您帶來「智」全面精彩娛樂。</p>\r\n\r\n<p>- 預載應用程式 (如Youtube)</p>\r\n\r\n<p>- 特設 ConnectShare USB 影片功能</p>\r\n\r\n<p>- 備有 0.5秒極速啟動模式</p>\r\n\r\n<p>原價 : HK$599.00&nbsp;</p>\r\n\r\n<p>特價 : HK$399.00 (數量有限 ，售完即止)</p>\r\n\r\n<p>詳情請聯絡本公司銷售熱線 : (852) 2856 9211</p>\r\n','20150127060347702548.jpg','http://www.ldthk.com/life_digital/site/product-detail.php?id=55'),(30,'TCL 2015年 4K LED TV 推廣優惠','2015-01-28','2015-01-28','<p>推廣日期 :2015年1月28日至 2015年2月28日</p>\r\n\r\n<p>購買最新 TCL 4K Smart TV 系列推廣如下 :</p>\r\n\r\n<p>(1)購買55&quot; L55E6700UDS&nbsp;4K 3D Smart&nbsp;TV&nbsp;即送 32&quot; L32F2500 一部(價值 HK$1990.00)</p>\r\n\r\n<p>(2)購買49&quot; L49E6700UDS&nbsp;4K 3D Smart&nbsp;TV&nbsp;即送 24&quot; L24F2500 一部(價值 HK$1490.00)</p>\r\n\r\n<p>再送 總值HK$299.00 無線滑鼠鍵盤套裝、8GB USB&nbsp;</p>\r\n\r\n<p>上網煲劇無難度&nbsp;，無限下載應用程式</p>\r\n\r\n<p>免費送貨及座檯安裝 ，三年原廠上門保養 (零件及人工)</p>\r\n\r\n<p>詳情請聯絡本公司銷售熱線 : (852) 2856 9211</p>\r\n\r\n<p>&nbsp;</p>\r\n','20150128111926134548.jpg','http://www.ldthk.com/life_digital/site/product-detail.php?id=29'),(31,'TCL 2015年最新 TV+ Smart TV系列 A71C','2015-01-29','2015-01-29','<p><strong>TCL 2015年最新 TV+ Smart TV系列</strong></p>\r\n\r\n<p>-內置Android 4.2系統、4核心處理器，極速上網打機冇難度。</p>\r\n\r\n<p>-與ATET及GAMELOFT合作，內置眾多精彩遊戲。</p>\r\n\r\n<p>-T Cloud 家庭雲，讓電視、電腦、手機互相公享。</p>\r\n\r\n<p>-TCL 多屏互動，可將手機裡的文件、圖像、音樂及視頻傳送到電視上。</p>\r\n\r\n<p>現推出 40吋 L40A71C 及48吋 L48A71C 兩個呎吋選擇，客廳睡房都適用。</p>\r\n\r\n<p>售價 : 40&quot; L40A71C HK$3980.00 / 48&quot; L48A71C HK$4980.00</p>\r\n\r\n<p>三年原廠上門保用 (包零件及人工) ，免費送貨。</p>\r\n\r\n<p>了解詳情請聯絡本公司銷售熱線 : (852) 2856 9211</p>\r\n','20150128045722404649.jpg','http://www.ldthk.com/life_digital/site/product-detail.php?id=121'),(35,'Olevia SoundBar SB-33優惠價發售','2015-03-19','2015-03-19','<p><strong>Olevia Sound Bar SB-33&nbsp;</strong>優惠價發售</p>\r\n\r\n<p>-&nbsp;超強輸出 10W x2 *30W @ 10%THD</p>\r\n\r\n<p>-&nbsp;內置低音輸出 (可另接駁 Subwoofer )</p>\r\n\r\n<p>-&nbsp;可座檯及掛牆使用&nbsp;</p>\r\n\r\n<p>-&nbsp;備有 AUX / OPTICAL / 3.5mm Line in / FM&nbsp;收音</p>\r\n\r\n<p>-&nbsp;配件 :&nbsp;遙控 / AC Power / AUX Cable / Wallmount Fittings</p>\r\n\r\n<p>原價 : HK$999.00&nbsp;</p>\r\n\r\n<p>特價 : HK$599.00 (數量有限 ，售完即止)</p>\r\n\r\n<p>詳情請聯絡本公司銷售熱線 : (852) 2856 9211</p>\r\n','20150319080637240621.jpg',''),(36,'TCL L49E6700UDS 4K 3D SMART TV 推廣優惠','2015-03-21','2015-03-21','<p>TCL &nbsp;L49E6700UDS&nbsp; 49&quot; UHD&nbsp;3D Smart TV</p>\r\n\r\n<p>功能 :&nbsp;內置數碼廣播接收器 ,USB 多媒體播放 ,Android 4.2 OS , Screen Mirroring</p>\r\n\r\n<p>規格 :&nbsp;3840x2160 ,2xHDMI ,2xUSB ,LAN ,WiFi</p>\r\n\r\n<p>原價 : HK $7380.00&nbsp;</p>\r\n\r\n<p>特價 : HK $5999.00 (數量有限 ，售完即止)</p>\r\n\r\n<p><span style=\"line-height:1.6\">免費送貨及座檯安裝</span><span style=\"line-height:1.6\">&nbsp;，三年原廠上門保養 (零件及人工)</span></p>\r\n\r\n<p>詳情請聯絡本公司銷售熱線 : (852) 2856 9211</p>\r\n','20150321081159628175.jpg','');
/*!40000 ALTER TABLE `news` ENABLE KEYS */;
UNLOCK TABLES;

--
-- Table structure for table `product`
--

DROP TABLE IF EXISTS `product`;
/*!40101 SET @saved_cs_client     = @@character_set_client */;
/*!40101 SET character_set_client = utf8 */;
CREATE TABLE `product` (
  `id` int(11) NOT NULL AUTO_INCREMENT,
  `title` varchar(255) NOT NULL,
  `category_id` int(11) NOT NULL,
  `brand_id` int(11) NOT NULL,
  `sort` date NOT NULL,
  `show` date NOT NULL,
  `model` varchar(20) NOT NULL,
  `new_product` tinyint(1) NOT NULL,
  `function` text,
  `description` text,
  `size` text,
  `prodprice` text,
  `image` varchar(30) NOT NULL,
  `link` varchar(255) NOT NULL,
  PRIMARY KEY (`id`),
  KEY `category` (`category_id`),
  KEY `brand` (`brand_id`),
  CONSTRAINT `product_ibfk_1` FOREIGN KEY (`category_id`) REFERENCES `product_cat` (`id`) ON DELETE CASCADE ON UPDATE CASCADE,
  CONSTRAINT `product_ibfk_2` FOREIGN KEY (`brand_id`) REFERENCES `product_brand` (`id`) ON DELETE CASCADE ON UPDATE CASCADE
) ENGINE=InnoDB AUTO_INCREMENT=388 DEFAULT CHARSET=utf8;
/*!40101 SET character_set_client = @saved_cs_client */;

--
-- Dumping data for table `product`
--

LOCK TABLES `product` WRITE;
/*!40000 ALTER TABLE `product` DISABLE KEYS */;
INSERT INTO `product` VALUES (24,'TCL L24F2500 24\" LED TV',5,10,'2015-01-01','2015-01-01','L24F2500',0,'內置數碼廣播接收器 , USB 多媒體播放 , 錄影功能','1366x768 / 2x HDMI / USB x1','W577 x H494 x D170 mm','HK$ 1399.00','20150113051340250123.jpg','http://multimedia.tcl.com/hk/product/info.do?method=findContent&mappingName=landing'),(25,'TCL L32F2500 32\" LED TV',5,10,'2015-01-01','2015-01-01','L32F2500',0,'內置數碼廣播接收器 , USB 多媒體播放 , 錄影功能','1366x768 / 2x HDMI / USB x1','W790 x H576 x D215 mm','HK$ 1790.00','20150113051318517513.jpg','http://multimedia.tcl.com/hk/product/info.do?method=findContent&mappingName=landing'),(26,'TCL L40F2800F 40\" FHD LED TV',5,10,'2015-01-01','2015-01-01','L40F2800F',1,'內置數碼廣播接收器 , USB 多媒體播放','1920x1080 / 2x HDMI / USB x1','W930 x H609 x D248 mm','HK$ 2880.00','20150113051508582262.jpg','http://multimedia.tcl.com/hk/product/info.do?method=findContent&mappingName=landing'),(27,'TCL L40E5700UDS 40\" UHD 3D Smart TV',5,10,'2015-01-02','2015-01-02','L40E5700UDS',0,'內置數碼廣播接收器 ,USB 多媒體播放 ,Android 4.2 OS , Screen Mirroring','3840x2160 ,2xHDMI ,2xUSB ,LAN ,WiFi','40\"','HK$ 4880.00','20150113052510944777.jpg','http://multimedia.tcl.com/hk/product/info.do?method=findContent&mappingName=landing'),(28,'TCL L49E6700UDS 49\" UHD 3D Smart TV',5,10,'2015-01-14','2015-01-14','L49E6700UDS',1,'內置數碼廣播接收器 ,USB 多媒體播放 ,Android 4.2 OS , Screen Mirroring','3840x2160 ,2xHDMI ,2xUSB ,LAN ,WiFi','49\"','HK$ 7380.00','20150113052650440567.jpg','http://multimedia.tcl.com/hk/product/info.do?method=findContent&mappingName=landing'),(29,'TCL L55E6700UHD 55\" UHD 3D Smart TV',5,10,'2015-01-14','2015-01-14','L55E6700UHD',1,'內置數碼廣播接收器 ,USB 多媒體播放 ,Android 4.2 OS , Screen Mirroring','3840x2160 ,2xHDMI ,2xUSB ,LAN ,WiFi','55\"','HK$ 9780.00','20150113053004692409.jpg','http://multimedia.tcl.com/hk/product/info.do?method=findContent&mappingName=landing'),(30,'VDIGI 16E200LE 16\" LED TV',5,5,'2015-01-01','2015-01-01','16E200LE',0,'內置數碼廣播接收器 , USB 多媒體播放 , 錄影功能','1366x768 / 3x HDMI / USB x1','W375 x H278 x D121 mm','HK$ 949.00','20150113053619832078.jpg','http://www.vdigi.com.hk/productdetail.php?prod=98'),(31,'VDIGI 19E400CT 19\" LED TV',5,5,'2015-01-01','2015-01-01','19E400CT',0,'內置數碼廣播接收器 , USB 多媒體播放 , 錄影功能','1366x768 / 2x HDMI / USB x1','W445 x H322 x D160 mm','HK$ 1090.00','20150113053750281635.jpg','http://www.vdigi.com.hk/productdetail.php?prod=104'),(32,'VDIGI 22E600CT 22\" FHD LED TV',5,5,'2015-01-14','2015-01-14','22E600CT',1,'內置數碼廣播接收器 , USB 多媒體播放 , 錄影功能','1920x1080 / 2x HDMI / USB x1','W513 x H360 x D160 mm','HK$ 1290.00','20150113054041493932.jpg','http://www.vdigi.com.hk/productdetail.php?prod=120'),(34,'VDIGI 29E630CT 29\" LED TV',5,5,'2015-01-14','2015-01-14','29E630CT',1,'內置數碼廣播接收器 , USB 多媒體播放 , 錄影功能','1366x768 / 2x HDMI / USB x1','W656 x H428 x D200 mm','HK$ 1790.00','20150113055300172224.jpg','http://www.vdigi.com.hk/productdetail.php?prod=121'),(36,'VDIGI 32ED630CT 32\" LED TV',5,5,'2015-01-01','2015-01-01','32ED630CT',1,'內置高清數碼廣播接收，USB 播放功能，錄影功能','1366x768 / 2xHDMI / USB','W731.5 x H472.5 x D200 mm','HK$ 1790.00','20150114064231775368.jpg','http://www.vdigi.com.hk/productdetail.php?prod=122'),(37,'VDIGI 40E600CT 40\" FHD LED TV',5,5,'2015-01-01','2015-01-01','40E600CT',0,'內置高清數碼廣播接收，USB 播放功能，錄影功能','1920x1080 / 3xHDMI / USB','40\"  售價 : HK$2780.00',NULL,'20150114064432784641.jpg','http://www.vdigi.com.hk/productdetail.php?prod=112'),(38,'VDIGI 48E600CT 48\" FHD LED TV',5,5,'2015-01-01','2015-01-01','48E600CT',0,'內置高清數碼廣播接收，USB 播放功能，錄影功能','1920x1080 / 3xHDMI / USB','W1097 x H705 x D280 mm','HK$ 3880.00','20150114064551187891.jpg','http://www.vdigi.com.hk/productdetail.php?prod=110'),(39,'VDIGI 24E600CT 24\" LED TV',5,5,'2015-01-01','2015-01-01','24E600CT ',0,'內置數碼廣播接收器 , USB 多媒體播放 , 錄影功能','1366x768 / 2x HDMI / USB x1','W557 x H385 x D160 mm','HK$ 1390.00','20150114070107240591.jpg','http://www.vdigi.com.hk/productdetail.php?prod=118'),(40,'VDIGI BDP-MINI12 Blu-ray Disc Player (Open Box Unit)',6,5,'2015-01-01','2015-01-01','BDP-MINI12',0,'Profile 2.0 BD-Live/支援播放MPEG2/4,WMV,MKV影片格式 / BD,DVD,VCD,CD','HDMI / Component / RCA / Optical  / Ethernet / USB','26cm(W)4.8cm(H)24cm(D)','HK $299.00','20150114072434693690.jpg','http://www.vdigi.com.hk/productdetail.php?prod=46'),(41,'VDIGI BDP-MINI3D  3D Blu-ray Disc Player (Open Box Unit)',6,5,'2015-01-01','2015-01-01','BDP-MINI3D',0,'Profile 2.0 BD-Live/支援播放MPEG2/4,WMV,MKV影片格式 / BD,DVD,VCD,CD','HDMI / Component / RCA / Optical  / Ethernet / USB','26cm(W)4.8cm(H)24cm(D)','HK $399.00','20150114072624932710.jpg','http://www.vdigi.com.hk/productdetail.php?prod=58'),(42,'VDIGI BDP-DS3D 3D Blu-ray Player (With 5.1ch output)',6,5,'2015-01-01','2015-01-01','BDP-DS3D',0,'3D Blu-ray,DVD,SVCD,VCD,CD-R/RW /DTS,Dolby tureHD,5.1模擬輸出','HDMI / Component / RCA / Optical / Coaxial / Ethernet / USB',' N/A','HK$ 699.00','20150114053530264564.jpg','http://www.vdigi.com.hk/productdetail.php?prod=71#'),(43,'VDIGI BDP-Mini48 Blu-ray Player ',6,5,'2015-01-01','2015-01-01','BDP-MINI48 ',0,'Profile 2.0 BD-Live/支援播放MPEG2/4,WMV,MKV影片格式 / BD,DVD,VCD,CD','HDMI / RCA / Coaxial / Ethernet / USB',' N/A','HK$ 599.00','20150114054055620636.jpg','http://www.vdigi.com.hk/productdetail.php?prod=99'),(44,'VDIGI DV388 全高清1080P倍線功能DVD機',6,5,'2015-01-01','2015-01-01','DV388',0,'增線1080p功能 / DVD,VCD,CD,MP3播放','HDMI / Component / RCA / Coaxial / USB','180 X 44 X 250mm','HK $298.00','20150114054442092627.jpg','http://www.vdigi.com.hk/productdetail.php?prod=88'),(45,'VDIGI DV322 DVD Player',6,5,'2015-01-01','2015-01-01','DV322',0,'全區碼播放DVD,VCD,CD,MP3播放','Component / RCA / Coaxial / USB','180 X 44 X 250mm','HK$ 238.00','20150114054840096824.jpg','http://www.vdigi.com.hk/productdetail.php?prod=108#'),(46,'VDIGI IMP-291 Android Internet Media Player ',15,5,'2015-01-01','2015-01-01','IMP-291',0,'Android 4.2 OS / AirPlay及DLNA多媒體分享 / Google Play / Full HD 1080P格式視頻播放','HDMI / USBx3 / Lan / WiFi / SD/MMC/MS support 32GB / ','150 x 93 x 22 mm','HK$ 458.00','20150114055405600574.jpg','http://www.vdigi.com.hk/productdetail.php?prod=109'),(47,'VDIGI CP-857S 高清數碼接收器',14,5,'2015-01-01','2015-01-01','CP-857S',0,'支援香港數碼廣播 / RMVB及JPG播放 / EPG預錄功能 / 待機錄影','DTMB Tuner / HDMI / USB ',' N/A','HK$ 579.00','20150114055835788610.jpg','http://www.vdigi.com.hk/productdetail.php?prod=74'),(48,'VDIGI CP-175HD320 高清數碼錄影機',14,5,'2015-01-01','2015-01-01','CP-175HD320',0,'支援香港數碼廣播 / RMVB及JPG播放 / EPG預錄功能 / 待機錄影','DTMB Tuner / HDMI / USB / Lan / 320GB HDD','280 x 60 x 280mm','HK$ 798.00','20150114060412593616.jpg','http://www.vdigi.com.hk/productdetail.php?prod=103'),(49,'VDIGI VS-060 2.0 Bluetooth Soundbar',7,5,'2015-01-01','2015-01-01','VS-06S',0,'木製音箱設計 / 整合式重低音喇叭 / 藍牙無線連接 / 5種EQ模式','主聲道輸出9W x 2 / 重低音輸出25W RMS / RCA,USB,光纖,藍牙','750 x 118 x 50 mm','HK$ 599.00','20150114060950777493.jpg','http://www.vdigi.com.hk/productdetail.php?prod=111'),(50,'VDIGI ES-700 多功能充電型LED燈',19,5,'2015-01-01','2015-01-01','ES-700',0,'檯燈、手電筒、充電、FM、手搖及太陽能充電、警報功能 ','3.7V 1500mAh / LED規格 2000~2500mcd / USB ','295×100×100 mm','HK$ 298.00','20150114061554024127.jpg','http://www.vdigi.com.hk/productdetail.php?prod=102'),(51,'VDIGI ES-823 LED 輕觸式護眼環保節能燈 (黑、白 兩色選擇)',19,5,'2015-01-01','2015-01-01','ES-823',1,'環保節能 / 防眩光 / 無頻閃 / 高照明度 / 高顯色性 / 防電磁 紫外線','28 LEDs / 2700-6400k / 750mA / 10W,DC in 24V , 0.75A',' L240(lampshade) x W200(base) x H420 (mm)','HK$ 548.00','20150115051459024645.jpg','http://www.vdigi.com.hk/productdetail.php?prod=113'),(52,'VDIGI ES-608 LED 輕觸式護眼環保節能燈',19,5,'2015-01-01','2015-01-01','ES_608',1,'環保節能 / 防眩光 / 無頻閃 / 高照明度 / 高顯色性 / 防電磁 紫外線','14 LEDs / 5000k / 5W,DC in 24V , 0.75A / Standard : IEC60598','L150(lampshade) x W145(base) x H365 (mm)','HK$ 278.00','20150115051814148806.jpg','http://www.vdigi.com.hk/productdetail.php?prod=114'),(53,'VDIGI ES-618 LED 輕觸式護眼環保節能燈',19,5,'2015-01-01','2015-01-01','ES-618',1,'環保節能 / 防眩光 / 無頻閃 / 高照明度 / 高顯色性 / 防電磁 紫外線','14 LEDs / 5000k / 5W,DC in 24V , 0.75A / Standard : IEC60598','L150(lampshade) x W110(base) x H365 (mm)','HK$ 278.00','20150115051933716778.jpg','http://www.vdigi.com.hk/productdetail.php?prod=115'),(54,'VDIGI ES-708 LED 護眼環保節能燈',19,5,'2015-01-01','2015-01-01','ES-708',1,'夾子底座 / 環保節能 / 防眩光 / 無頻閃 / 高照明度、顯色性 ','14 LEDs / 5000k / 5W,DC in 24V , 0.75A / Standard : IEC60598','L150(lampshade) x W125(clip) x H365 (mm)','HK$ 228.00','20150115052207385519.jpg','http://www.vdigi.com.hk/productdetail.php?prod=116'),(55,'Samsung BD-F5100 Blu-ray Disc Player',6,7,'2015-01-01','2015-01-01','BD-F5100',0,'預載應用程式 /ConnectShare USB 影片功能 /0.5秒極速啟動模式','HDMI /Coaxial / Ethernet / USB ','270 x 38 x 193mm','HK$ 499.00','20150115053046998204.jpg','http://www.samsung.com/hk/consumer/tv-av/blu-ray/blu-ray-disc-players/BD-F5100/ZK'),(57,'Samsung UA32H4100AJ 32\" LED TV',5,7,'2015-01-01','2015-01-01','UA32H4100AJ',0,'內置數碼廣播接收器 , USB 多媒體播放, 足球模式優化體育節目的聲畫質素','1366x768 /2x HDMI /USB x2 / Earphonex1 /Componentx1 /RCAx1','(WxHxD)736.1 x 447.1 x 62.9 ','HK$ 2490.00','20150115054032873672.jpg','http://www.samsung.com/hk/consumer/tv-av/televisions/led-tv/UA32H4100AJXZK'),(58,'NB L100M Tilt mount',8,21,'2015-01-01','2015-01-01','L100M',0,'適合24\" 或以下 LCD顯示器及電視','VESA 75x75/100x100 ','N/A','HK$ 178.00','20150120050709336874.jpg','http://www.nbavmount.com'),(59,'NB L100S Tilt mount',8,21,'2015-01-01','2015-01-01','L100S',0,'適合24\" 或以下 LCD顯示器及電視','VESA 75x75/100x100 ','N/A','HK$ 158.00','20150120051003040724.jpg','http://www.nbavmount.com'),(60,'NB SP2 Tilt mount',8,21,'2015-01-01','2015-01-01','SP2',0,'適合60\" 或以下 LCD顯示器及電視','VESA 100x100/200x100/200x200/300x300/400x400/600x400 ',' N/A','HK$ 599.00','20150120051159372560.jpg','http://www.nbavmount.com'),(61,'NB SP5 Tilt mount',8,21,'2015-01-01','2015-01-01','SP5',0,'適合80\" 或以下 LCD顯示器及電視','VESA 100x100/200x100/200x200/300x300/400x400/600x400 ',' N/A','HK$ 999.00','20150120051338855856.jpg','http://www.nbavmount.com'),(62,'NB UL400 Tilt mount Ass.',8,21,'2015-01-01','2015-01-01','UL400',0,'適合 NB SP系列使用','VESA 100x100/200x100/200x200/300x300/400x400/600x400 ',' N/A','HK$ 99.00','20150120051557077662.jpg','http://www.nbavmount.com'),(63,'NB 787-S100 Tilt mount',8,21,'2015-01-01','2015-01-01','787-S100',0,'適合24\" 或以下 LCD顯示器及電視','VESA 75x75/100x100 ',' N/A','HK$ 249.00','20150120051703230444.jpg','http://www.nbavmount.com'),(64,'NB T560-15 Ceiling mount',8,21,'2015-01-01','2015-01-01','T560-15',0,'適合60\" 或以下 LCD顯示器及電視','VESA 100x100/200x100/200x200/300x300/400x400/400x600 ','max : 1500mm','HK$ 499.00','20150122050645598295.jpg','http://www.nbavmount.com'),(65,'NB C1-F Fix mount',8,21,'2015-01-01','2015-01-01','C1-F',0,'適合42\" 或以下 LCD顯示器及電視','VESA 100x100/200x100/200x200',' N/A','HK$ 168.00','20150120052354712867.jpg','http://www.nbavmount.com'),(66,'NB C1-T Angle mount',8,21,'2015-01-01','2015-01-01','C1-T',0,'適合42\" 或以下 LCD顯示器及電視','VESA 100x100/200x100/200x200',' N/A','HK$ 188.00','20150120052524763957.jpg','http://www.nbavmount.com'),(67,'NB C2-F Fix mount',8,21,'2015-01-01','2015-01-01','C2-F',0,'適合50\" 或以下 LCD顯示器及電視','VESA 100x100/200x100/200x200/300x300/400x400',' N/A','HK$ 188.00','20150120052638164599.jpg','http://www.nbavmount.com'),(68,'NB C2-T Angle mount',8,21,'2015-01-01','2015-01-01','C2-T',0,'適合50\" 或以下 LCD顯示器及電視','VESA 100x100/200x100/200x200/300x300/400x400',' N/A','HK$ 248.00','20150120052752683588.jpg','http://www.nbavmount.com'),(69,'NB C3-F Fix mount',8,21,'2015-01-01','2015-01-01','C3-F',0,'適合65\" 或以下 LCD顯示器及電視','VESA 100x100/200x100/200x200/300x300/400x400',' N/A','HK$ 218.00','20150120052905347790.jpg','http://www.nbavmount.com'),(70,'NB C3-T Angle mount',8,21,'2015-01-01','2015-01-01','C3-T',0,'適合65\" 或以下 LCD顯示器及電視','VESA 100x100/200x100/200x200/300x300/400x400/400x600 ',' N/A','HK$ 248.00','20150120053012376533.jpg',''),(71,'NB QF-100 Fix mount',8,21,'2015-01-01','2015-01-01','QF-100 ',0,'適合 24\" 或以下 LCD顯示器及電視','VESA 75x75 / 100x100','N/A','HK$ 88.00','20150122063658617429.jpg','http://www.nbavmount.com'),(72,'NB T817-60 Projector Ceiling mount',8,21,'2015-01-01','2015-01-01','T817-60',0,'適合各牌子投影機 /可調校高度390-605mm /左、右、上角度 30','','N/A','HK$ 168.00','20150122065630470444.jpg','http://www.nbavmount.com'),(73,'NB T717-M Projector Ceiling mount',8,21,'2015-01-01','2015-01-01','T717-M',0,'適合各牌子投影機 /可調校左、右、上角度 30','','N/A','HK$ 168.00','20150122070203388668.jpg','http://www.nbavmount.com'),(74,'NB SP200 Tilt mount',8,21,'2015-01-01','2015-01-01','SP200',0,'適合48\" 或以下 LCD顯示器及電視','VESA 100x100/200x100/200x200/300x300/400x400',' N/A','HK$ 268.00','20150122050029569353.jpg','http://www.nbavmount.com'),(75,'NB SP400 Tilt mount',8,21,'2015-01-01','2015-01-01','SP400',0,'適合48\" 或以下 LCD顯示器及電視','VESA 100x100/200x100/200x200/300x300/400x400',' N/A','HK$ 348.00','20150122050847572129.jpg','http://www.nbavmount.com'),(76,'NB AVA1500-60-1P MOBILE DISPLAY',8,21,'2015-01-01','2015-01-01','AVA1500-60-1P',0,'適合65\" 或以下 LCD顯示器及電視','VESA 200x400/400x400/400x600/400x800 角度 : 電視機可調轉角0ﾟ- 90ﾟ / 水平 : 5ﾟ',' N/A','HK$ 1790.00','20150122051329740561.jpg','http://www.nbavmount.com'),(77,'NB GSA-4 Table Stand',8,21,'2015-01-01','2015-01-01','GSA-4',0,'適合24\" 或以下 LCD顯示器及電視','VESA 75x75/100x100 ',' N/A','HK$ 248.00','20150122051948588265.jpg',''),(78,'NB AVG1500-65-1P MOBILE DISPLAY',8,21,'2015-01-01','2015-01-01','AVG1500-65-1P',0,'適合65\" 或以下 LCD顯示器及電視','VESA 200x400/400x400/400x600/400x800 角度 : 電視機可調轉角0ﾟ- 90ﾟ / 水平 : 5ﾟ',' N/A','HK$ 3490.00','20150122052553312616.jpg','http://www.nbavmount.com'),(79,'NB SP500 Tilt mount',8,21,'2015-01-01','2015-01-01','SP500',0,'適合50\" 或以下 LCD顯示器及電視','VESA 100x100/200x100/200x200/300x300/400x400',' N/A','HK$ 448.00','20150126025034176676.jpg','http://www.nbavmount.com'),(80,'NB UF200 Tilt mount(Air pressure)',8,21,'2015-01-01','2015-01-01','UF100',0,'適合28\" 或以下 LCD顯示器及電視','VESA 75x75/100x100  角度 : 上50度 / 下30度 / 左右 360度 升降高度 : 34cm','53.5cm(顯示屏背面到桌邊緣距離)','HK$ 579.00','20150126025441844652.jpg','http://www.nbavmount.com'),(81,'NB UF200 TABLETOP STAND(Air pressure)',8,21,'2015-01-01','2015-01-01','UF200',0,'適合42\" 或以下 LCD顯示器及電視','VESA 75x75/100x100/200x200  角度 : 上50度 / 下30度 / 左右 360度 升降高度 : 34cm','418mm(顯示屏背面到桌邊緣距離)','HK$ 579.00','20150126030151492667.jpg','http://www.nbavmount.com'),(82,'NB UF300 Tilt mount(Air pressure)',8,21,'2015-01-01','2015-01-01','UF300',0,'適合42\" 或以下 LCD顯示器及電視','VESA 75x75/100x100/200x200  角度 : 上50度 / 下30度 / 左右 360度 升降高度 : 34cm','53.5cm(顯示屏背面到桌邊緣距離)','HK$ 679.00','20150126030339556824.jpg','http://www.nbavmount.com'),(83,'NB P1800 ceiling mount Ass.',8,21,'2015-01-01','2015-01-01','P1800',0,'適合 NB T系列 Ceiling mount 使用','可伸延長度由 1800mm - 2500mm','1800mm','HK$ 268.00','20150126030918728662.jpg','http://www.nbavmount.com'),(84,'NB P6 Tilt mount',8,21,'2015-01-01','2015-01-01','P6 ',0,'適合70\" 或以下 LCD顯示器及電視','VESA 100x100/200x100/200x200/300x300/400x400/400x600 ',' N/A','HK$ 698.00','20150126031108353308.jpg','http://www.nbavmount.com'),(85,'NB DF600 Tilt mount',8,21,'2015-01-01','2015-01-01','DF600',0,'適合65\" 或以下 LCD顯示器及電視','VESA 100x100/200x100/200x200/300x300/400x400',' N/A','HK$ 598.00','20150126031723192696.jpg','http://www.nbavmount.com'),(86,'N-1 Angle mount',8,25,'2015-01-01','2015-01-01','N-1',0,'適合24\" 或以下 LCD顯示器及電視','VESA 75x75/100x100 ',' N/A','HK$ 88.00','20150126032007552728.jpg',''),(87,'B01 Fix mount',8,25,'2015-01-01','2015-01-01','B01 ',0,'適合24\" 或以下 LCD顯示器及電視','VESA 75x75/100x100 ',' N/A','HK$ 58.00','20150126032148577147.jpg',''),(88,'B02 Fix mount',8,25,'2015-01-01','2015-01-01','B02',0,'適合24\" 或以下 LCD顯示器及電視','VESA 75x75/100x100 ',' N/A','HK$ 68.00','20150126032327256763.jpg',''),(89,'LCD-58 Angle mount',8,25,'2015-01-01','2015-01-01','LCD-58',0,'適合24\" 或以下 LCD顯示器及電視','VESA 75x75/100x100','NA 售價 : HK $98',NULL,'20150126032708071892.jpg',''),(90,'W100 Tilt mount',8,25,'2015-01-01','2015-01-01','W100',0,'適合24\" 或以下 LCD顯示器及電視','VESA 75x75/100x100',' N/A','HK$ 168.00','20150126032909208781.jpg',''),(91,'N2 Fix mount',8,25,'2015-01-01','2015-01-01','N2',0,'適合24\" 或以下 LCD顯示器及電視','VESA 75x75/100x100','N/A','HK$ 48.00','20150126033033000581.jpg',''),(92,'F02 Angle mount',8,25,'2015-01-01','2015-01-01','F02',0,'適合24\" 或以下 LCD顯示器及電視','VESA 75x75/100x100','N/A','HK$ 98.00','20150126033259000597.jpg',''),(93,'Y-5 TABLETOP STAND',8,25,'2015-01-01','2015-01-01','Y-5 ',0,'適合24\" 或以下 LCD顯示器及電視','VESA 75x75/100x100 ',' N/A','HK$ 188.00','20150126033636355236.jpg',''),(94,'P6902 Ceiling mount',8,25,'2015-01-01','2015-01-01','P6902',0,'適合50\" 或以下 LCD顯示器及電視','VESA 100x100/200x100/200x200/300x300/400x400','N/A','HK$ 348.00','20150126033749395648.jpg',''),(95,'W88 Tilt mount',8,25,'2015-01-01','2015-01-01','W88',0,'適合24\" 或以下 LCD顯示器及電視','VESA 75x75/100x100',' N/A','HK$ 138.00','20150126034528804549.jpg',''),(96,'W99 Tilt mount',8,25,'2015-01-01','2015-01-01','W99',0,'適合24\" 或以下 LCD顯示器及電視','VESA 75x75/100x100',' N/A','HK$ 158.00','20150126045726779731.jpg',''),(97,'B-25 Fix mount',8,25,'2015-01-01','2015-01-01','B-25',0,'適合42\" 或以下 LCD顯示器及電視','VESA 100x100/200x100/200x200',' N/A','HK$ 128.00','20150126045941269526.jpg',''),(98,'B-42 Fix mount',8,25,'2015-01-01','2015-01-01','B-42',0,'適合52\" 或以下 LCD顯示器及電視','VESA 100x100/200x100/200x200/300x300/400x400',' N/A','HK$ 168.00','20150126050137988670.jpg',''),(99,'B-38 Fix mount',8,25,'2015-01-01','2015-01-01','B-38',0,'適合55\" 或以下 LCD顯示器及電視','VESA 100x100/200x100/200x200/300x300/400x400',' N/A','HK$ 178.00','20150126050238924990.jpg',''),(100,'B-64 Fix mount',8,25,'2015-01-01','2015-01-01','B-64',0,'適合65\" 或以下 LCD顯示器及電視','VESA 100x100/200x100/200x200/300x300/400x400/400x600 ',' N/A','HK$ 198.00','20150126050427460707.jpg',''),(101,'N-5 Ceiling mount',8,25,'2015-01-01','2015-01-01','N-5 (LCD-105)',0,'適合24\" 或以下 LCD顯示器及電視','VESA 75x75/100x100 ',' N/A','HK$ 248.00','20150126050814268620.jpg',''),(102,'L200A Tilt mount',8,25,'2015-01-01','2015-01-01','L200A',0,'適合24\" 或以下 LCD顯示器及電視','VESA 75x75/100x100',' N/A','HK$ 128.00','20150126051059213551.jpg',''),(103,'L200B',8,25,'2015-01-01','2015-01-01','L200B',0,'適合24\" 或以下 LCD顯示器及電視','VESA 75x75/100x100 ',' N/A','HK$ 158.00','20150126051135712588.jpg',''),(104,'CBA01 Tilt mount ass.',8,25,'2015-01-01','2015-01-01','CBA01',0,'適合 VESA 100x100 Tilt mount系列使用','VESA 100x100 up to 200x200',' N/A','HK$ 88.00','20150126053930360610.jpg',''),(105,'CT-21 TABLETOP STAND',8,25,'2015-01-01','2015-01-01','CT-21',0,'適合28\" 或以下 LCD顯示器及電視','VESA 75x75/100x100 ',' N/A','HK$ 448.00','20150126051715320288.jpg',''),(106,'CT-22 TABLETOP STAND ',8,25,'2015-01-01','2015-01-01','CT-22',0,'適合28\" 或以下 LCD顯示器及電視','VESA 75x75/100x100  2 x Monitor',' N/A','HK$ 548.00','20150126051827570774.jpg',''),(107,'CT-23 TABLETOP STAND ',8,25,'2015-01-01','2015-01-01','CT-23',0,'適合28\" 或以下 LCD顯示器及電視','VESA 75x75/100x100  3 x Monitor',' N/A','HK$ 648.00','20150126051921220562.jpg',''),(108,'LP-1800 Moveable mount',8,25,'2015-01-01','2015-01-01','LP-1800',0,'適合65\" 或以下 LCD顯示器及電視 可調角度 : 上10ﾟ下15ﾟ','VESA 100x100/200x100/200x200/300x300/400x400/400x600','max : 1800mm','HK$ 1499.00','20150126052413448559.jpg',''),(109,'UTS32 TABLETOP STAND',8,25,'2015-01-01','2015-01-01','UTS32',0,'適合40\" 或以下 LCD顯示器及電視','VESA 100x100/200x100/200x200  承重 : 25KG',' N/A','HK$ 288.00','20150126052811274218.jpg',''),(110,'UTS46 TABLETOP STAND',8,25,'2015-01-01','2015-01-01','UTS46',0,'適合48\" 或以下 LCD顯示器及電視','VESA 100x100/200x100/200x200/300x300/400x400 承重 : 35KG',' N/A','HK$ 348.00','20150126053203785527.jpg',''),(111,'UTS55 TABLETOP STAND',8,25,'2015-01-01','2015-01-01','UTS55',0,'適合55\" 或以下 LCD顯示器及電視','VESA 100x100/200x100/200x200/300x300/400x600 承重 : 35KG',' N/A','HK$ 388.00','20150126053309013346.jpg',''),(112,'W2B Tilt mount',8,25,'2015-01-01','2015-01-01','W2B',0,'適合28\" 或以下 LCD顯示器及電視','VESA 75x75/100x100 ',' N/A','HK$ 158.00','20150126053617919325.jpg',''),(113,'C25 Angle mount',8,25,'2015-01-01','2015-01-01','C25',0,'適合40\" 或以下 LCD顯示器及電視','VESA 100x100/200x100/200x200 可調角度 : 15',' N/A','HK$ 158.00','20150126054235400571.jpg',''),(114,'C45 Angle mount',8,25,'2015-01-01','2015-01-01','C45',0,'適合48\" 或以下 LCD顯示器及電視','VESA 100x100/200x100/200x200/300x300/400x400 可調角度 : 15',' N/A','HK$ 188.00','20150126054343776619.jpg',''),(115,'C64 Angle mount',8,25,'2015-01-01','2015-01-01','C64',0,'適合65\" 或以下 LCD顯示器及電視','VESA 100x100/200x100/200x200/300x300/400x400/400x600 可調角度 : 15',' N/A','HK$ 218.00','20150126054441753652.jpg',''),(116,'Magic TV MTV3300D',14,30,'2015-01-01','2015-01-01','MTV3300D',0,'EPG錄影功能 / 搖控錄影 / 支援 WiFi / Time-shift 功能 / Magic TV Share','採用最新Sigma SMP8673 晶片組 / DMB-TH多載/單載波模式 / 雙調諧器 /  1080P輸出 / USB 2.0 / 支援2TB HDD',' N/A','HK$ 1680.00','20150126054941828594.jpg','http://www.magictv.com/hk/zh-b5/mtv3300d.html'),(117,'Magic TV MTV3800D',14,30,'2015-01-01','2015-01-01','MTV3800D',0,'EPG錄影功能 / 搖控錄影 / 支援 WiFi / Time-shift 功能 / Magic TV Share','採用最新Sigma SMP8673 晶片組 / DMB-TH多載/單載波模式 / 雙調諧器 /  1080P輸出 / USB 2.0 / 內置1TB HDD',' N/A','HK$ 2680.00','20150126055223244638.jpg','http://www.magictv.com/hk/zh-b5/mtv3800d.html'),(118,'Magic TV MTV8000D-1TB',14,30,'2015-01-01','2015-01-01','MTV8000D-1TB',0,'Magic Link(支援i-cable及Now TV錄影) / EPG錄影功能 / 搖控錄影 / 支援 WiFi / Time-shift 功能 / 影音串流 ','採用最新Sigma SMP8673 晶片組 / DMB-TH多載/單載波模式 / 雙調諧器 / HDMIx3 / 1080P輸出 / 內置1TB HDD / USB 2.0 x2 ',' N/A','HK$ 3680.00','20150126055428172580.jpg','http://www.magictv.com/hk/zh-b5/mtv8000d.html'),(119,'Magic TV MTV8000D-4TB',14,30,'2015-01-01','2015-01-01','MTV8000D-4TB',0,'Magic Link(支援i-cable及Now TV錄影) / EPG錄影功能 / 搖控錄影 / 支援 WiFi / Time-shift 功能 / 影音串流 ','採用最新Sigma SMP8673 晶片組 / DMB-TH多載/單載波模式 / 雙調諧器 / HDMIx3 / 1080P輸出 / 內置4TB HDD / USB 2.0 x2 ',' N/A','HK$ 5280.00','20150126055617736551.jpg','http://www.magictv.com/hk/zh-b5/mtv8000d-4tb.html'),(120,'TCL L40A71C 40\" Android Smart TV',5,10,'2015-01-27','2015-01-27','L40A71C',1,'內置數碼廣播接收器 ,USB 多媒體播放 ,Android 4.2 OS , Screen Mirroring','1920x1080 /2x HDMI /USB x3 /Earphonex1 /Componentx1 /RCAx1/WiFi /SD Card Slot',' N/A  ','HK$ 3980.00','20150127044926044018.jpg','http://shop.tcl.com/mall/goods/detail/goods_id/823.html'),(121,'TCL L48A71C 48\" Android Smart TV',5,10,'2015-01-27','2015-01-27','L48A71C',1,'內置數碼廣播接收器 ,USB 多媒體播放 ,Android 4.2 OS , Screen Mirroring','1920x1080 /2x HDMI /USB x3 /Earphonex1 /Componentx1 /RCAx1/WiFi /SD Card Slot',' N/A  ','HK$ 4980.00','20150127045323891838.jpg','http://shop.tcl.com/mall/goods/detail/goods_id/793.html'),(122,'TCL L50F2800F 50\" FHD LED TV',5,10,'2015-01-27','2015-01-27','L50F2800F',1,'內置高清數碼廣播接收，USB 播放功能','1920x1080 /2xHDMI /1xUSB /1xVGA /1xRCA /1xComponent','1136x734x284mm 售價 : HK $ 4480',NULL,'20150127051247680704.jpg',''),(123,'MAIGE TV HD-3',15,27,'2015-01-15','2015-01-15','HD-3',1,'1080p輸出 /超過300個中港台美日韓德電視台 /點播、7天回放功能','HDMI /RCA /Optical /Ethernet /USB',' N/A','HK$ 2390.00','20150127052131820683.jpg',''),(124,'TVPad4 GCN Version',15,23,'2015-01-26','2015-01-26','TVPAD4 GCN Version',1,'GCN版支持中港台節目 /劇集點播、回看 /獨享 App 安裝','H.265編碼 /4核心CPU /HDMI /LAN /WiFi /SD Slot /RCA','100*100*21mm','HK$ 2180.00','20150127054239424701.jpg','http://www.itvpad.com/tvpad4/index.html'),(125,'LG BP135 藍光影碟播放器',6,9,'2015-01-01','2015-01-01','BP135',0,'外置式硬碟播放裝置 /1080P高清畫質升級','HDMI/ USB ','270x39x198mm','HK$ 490.00','20150128024518839690.jpg','http://www.lg.com/hk/blu-ray-dvd-players/lg-BP135'),(126,'LG 32LB6500 32\" 3D FHD LED TV',5,9,'2015-01-01','2015-01-01','32LB6500',0,'擁有webOS 的 LG 3D 智能電視 /錄影 /LG CINEMA 3D /USB播放 /智能省電','HDMIx3/USBx3 /RCA /數碼聲頻輸出 /LAN /WiFI','731x484x207','HK $3700.00','20150128025319376713.jpg','http://www.lg.com/hk/tvs/lg-32LB6500'),(127,'LG 42LB6500 42\" 3D FHD LED TV',5,9,'2015-01-01','2015-01-01','42LB6500',0,'擁有webOS 的 LG 3D 智能電視 /錄影 /LG CINEMA 3D /USB播放 /智能省電','HDMIx3/USBx3 /RCA /數碼聲頻輸出 /LAN /WiFI','960x610x218mm','HK$ 4990.00','20150128025521492705.jpg','http://www.lg.com/hk/tvs/lg-42LB6500'),(128,'LG 42LB6700 42\" 3D FHD LED TV',5,9,'2015-01-01','2015-01-01','42LB6700',0,'擁有webOS 的 LG 3D 智能電視 /錄影 /LG CINEMA 3D /USB播放 /智能省電','HDMIx3/USBx3 /RCA /數碼聲頻輸出 /LAN /WiFI','948x607x211mm','HK$ 6290.00','20150128025815656729.jpg','http://www.lg.com/hk/tvs/lg-42LB6700'),(129,'LG 47LB6700 47\" 3D FHD LED TV',5,9,'2015-01-01','2015-01-01','47LB6700',0,'擁有webOS 的 LG 3D 智能電視 /錄影 /LG CINEMA 3D /USB播放 /智能省電','HDMIx3/USBx3 /RCA /數碼聲頻輸出 /LAN /WiFI','1060x672x247.5mm','HK$ 6750.00','20150128030015989800.jpg','http://www.lg.com/hk/tvs/lg-47LB6700'),(130,'LG 55LB6700 55\" 3D FHD LED TV',5,9,'2015-01-01','2015-01-01','55LB6700',0,'擁有webOS 的 LG 3D 智能電視 /錄影 /LG CINEMA 3D /USB播放 /智能省電','HDMIx3/USBx3 /RCA /數碼聲頻輸出 /LAN /WiFI','1230x767.5x247.5mm','HK$ 8980.00','20150128030206208645.jpg','http://www.lg.com/hk/tvs/lg-55LB6700'),(131,'LG 40UB8000 40\" UHD LED TV',5,9,'2015-01-01','2015-01-01','40UB8000',0,'4K超高畫質 /True 4K Enginge /LG Smart TV /4K 60P HEVC /TRIPLE XD引擎','HDMIx3/USBx3 /RCA /Component /數碼聲頻輸出 /LAN /WiFI','900x568x217mm','HK$ 4690.00','20150128030710880702.jpg','http://www.lg.com/hk/tvs/lg-40UB8000'),(132,'LG 42UB8200 42\" UHD LED TV',5,9,'2015-01-01','2015-01-01','42UB8200',0,'4K超高畫質 /True 4K Enginge /LG Smart TV /4K 60P HEVC /TRIPLE XD引擎','HDMIx3/USBx3 /RCA /Component /數碼聲頻輸出 /LAN /WiFI','951x604x218mm','HK$ 5890.00','20150128030937804966.jpg','http://www.lg.com/hk/tvs/lg-42UB8200'),(133,'LG 49UB8200 49\" UHD LED TV',5,9,'2015-01-01','2015-01-01','49UB8200',0,'4K超高畫質 /True 4K Enginge /LG Smart TV /4K 60P HEVC /TRIPLE XD引擎','HDMIx3/USBx3 /RCA /Component /數碼聲頻輸出 /LAN /WiFI','1093x684x248mm','HK$ 6590.00','20150128031145181670.jpg','http://www.lg.com/hk/tvs/lg-49UB8200'),(134,'LG 49UB8300 49\" UHD 3D Smart TV',5,9,'2015-01-01','2015-01-01','49UB8300',0,'4K超高畫質 /True 4K Enginge /LG Smart TV /4K 3D+ /TRIPLE XD引擎','HDMIx3/USBx3 /RCA /Component /數碼聲頻輸出 /LAN /WiFI','1093x709x268mm','HK$ 8150.00','20150128031533653163.jpg','http://www.lg.com/hk/tvs/lg-49UB8300'),(135,'LG 55UB9500 55\" UHD 3D TV',5,9,'2015-01-01','2015-01-01','55UB9500',0,'4K超高畫質 /True 4K Enginge /LG Smart TV /4K 3D+ /TRIPLE XD引擎','HDMIx4/USBx3 /RCA /Component /數碼聲頻輸出 /LAN /WiFI','1232x782x260mm','HK$ 14990.00','20150128031849932634.jpg','http://www.lg.com/hk/tvs/lg-55UB9500'),(136,'LG 65UB9500 65\" UHD 3D TV',5,9,'2015-01-01','2015-01-01','65UB9500',0,'4K超高畫質 /True 4K Enginge /LG Smart TV /4K 3D+ /TRIPLE XD引擎','HDMIx4/USBx3 /RCA /Component /數碼聲頻輸出 /LAN /WiFI','1452x914x300mm','HK$ 25700.00','20150128032052140552.jpg','http://www.lg.com/hk/tvs/lg-65UB9500'),(138,'LG 79UB9800 79\" 4K 3D LED TV',5,9,'2015-01-01','2015-01-01','79UB9800',0,'4K超高畫質 /ULTRA 環迥立體聲 /True 4K Enginge /LG Smart TV /4K 3D+ /TRIPLE XD引擎','HDMIx4/USBx3 /RCA /Component /數碼聲頻輸出 /LAN /WiFI','1874x1075x331mm','HK$ 64880.00','20150128032601960556.jpg','http://www.lg.com/hk/tvs/lg-79UB9800'),(139,'LG 84UB9800 84\" 4K 3D LED TV',5,9,'2015-01-01','2015-01-01','84UB9800-CA',0,'4K超高畫質 /ULTRA 環迥立體聲 /True 4K Enginge /LG Smart TV /4K 3D+ /TRIPLE XD引擎','HDMIx4/USBx3 /RCA /Component /數碼聲頻輸出 /LAN /WiFI','2024x1172x342mm','HK$ 119800.00','20150128033310049555.jpg','http://www.lg.com/hk/tvs/lg-84UB9800-CA'),(140,'LG 55EC9300 55\" CURVED OLED TV ',5,9,'2015-01-01','2015-01-01','55EC9300',0,'弧形屏幕 /四色像素技術 /Pixel Dimming /SMART + TV /CINEMA 3D /','HDMIx4/USBx3 /RCA /Component /數碼聲頻輸出 /LAN /WiFI','1225x753x204mm','HK$ 28900.00','20150128033930928627.jpg','http://www.lg.com/hk/tvs/lg-55EC9300'),(141,'Samsung UA32H5080AJ 32\" FHD LED TV',5,7,'2015-01-01','2015-01-01','UA32H5080AJ',0,'Wide Color Enhancer Plus /Football Mode /ConnectShare USB 影片功能','HDMIx2 /USBx1 /Component /RCA /數碼聲頻輸出','723x465x163.4mm','HK$ 2890.00','20150128034627980686.jpg','http://www.samsung.com/hk/consumer/tv-av/televisions/led-tv/UA32H5080AJXZK'),(142,'Samsung UA32H5100AJ 32\" FHD LED TV',5,7,'2015-01-01','2015-01-01','UA32H5100AJ',0,'擷取畫面功能及擷取音效功能 /Wide Color Enhancer Plus /Football Mode /ConnectShare USB 影片功能','HDMIx2 /USB /Component /RCA /數碼聲頻輸出','723x465x163.4mm','HK$ 2850.00','20150128034905400705.jpg','http://www.samsung.com/hk/consumer/tv-av/televisions/led-tv/UA32H5100AJXZK'),(143,'Samsung UA40H5100AJ 40\" FHD LED TV',5,7,'2015-01-01','2015-01-01','UA40H5100AJ',0,'擷取畫面功能及擷取音效功能 /Wide Color Enhancer Plus /Football Mode /ConnectShare USB 影片功能','HDMIx2 /USB /Component /RCA /數碼聲頻輸出','908.2x532.9x64.8mm','HK$ 3850.00','20150128035147284965.jpg','http://www.samsung.com/hk/consumer/tv-av/televisions/led-tv/UA40H5100AJXZK'),(144,'Samsung UA32H5500AJ 32\" FHD Smart TV',5,7,'2015-01-01','2015-01-01','UA32H5500AJ',0,'Smart Hub /錄影功能 /畫面同步 /SMART View /強效四核心處理器 /串流直播至智能手機或流動平板 /','HDMIx3 /USBx2 /Component /RCA /數碼聲頻輸出 /LAN /WiFi','721.4x428.5x65mm','HK$ 3290.00','20150128035736290608.jpg','http://www.samsung.com/hk/consumer/tv-av/televisions/smart-led-tv/UA32H5500AJXZK'),(145,'Samsung UA58H5288AJ 58\" FHD LED TV',5,7,'2015-01-01','2015-01-01','UA58H5288AJ',0,'Wide Color Enhancer Plus /Football Mode /ConnectShare USB 影片功能','HDMIx2 /USB /Component /RCA /數碼聲頻輸出','1308x770.4x91.2mm','HK$ 8080.00','20150128040055752584.jpg','http://www.samsung.com/hk/consumer/tv-av/televisions/led-tv/UA58H5288AJXZK'),(146,'Samsung UA60H6400AJ FHD 3D Smart TV',5,7,'2015-01-01','2015-01-01','UA60H6400AJ',0,'3D功能 /四核心處理器 /流暢倍增技術400 /Smart Hub娛樂平台 /聲控互動功能','HDMIx4/USBx3 /RCA /Component /數碼聲頻輸出 /LAN /WiFI','1375.6x796.2x64.4mm','HK$ 13200.00','20150128040638760735.jpg','http://www.samsung.com/hk/consumer/tv-av/televisions/smart-led-tv/UA60H6400AJXZK'),(147,'Samsung UA40HU5900AJ 40\" UHD Smart TV',5,7,'2015-01-01','2015-01-01','UA40HU5900AJ',0,'4K超高清解像 /四核心處理器 /Smart Hub /雙重視窗 /Screen Mirroring /Samsung Apps','HDMIx3/USBx2 /RCA /Component /數碼聲頻輸出 /LAN /WiFI','917.5x541.7x196.4mm','HK$ 4690.00','20150128041319215538.jpg','http://www.samsung.com/hk/consumer/tv-av/televisions/uhd-tv/UA40HU5900JXZK'),(148,'Samsung UA48HU5900AJ 48\" UHD Smart TV',5,7,'2015-01-01','2015-01-01','UA48HU5900AJ',0,'4K超高清解像 /四核心處理器 /Smart Hub /雙重視窗 /Screen Mirroring /Samsung Apps','HDMIx3/USBx2 /RCA /Component /數碼聲頻輸出 /LAN /WiFI','1086.3x687.2x204mm','HK$ 5790.00','20150128041512143385.jpg','http://www.samsung.com/hk/consumer/tv-av/televisions/uhd-tv/UA48HU5900JXZK'),(149,'Samsung UA55HU5900AJ 55\" UHD Smart TV',5,7,'2015-01-01','2015-01-01','UA55HU5900AJ',0,'4K超高清解像 /四核心處理器 /Smart Hub /雙重視窗 /Screen Mirroring /Samsung Apps','HDMIx3/USBx2 /RCA /Component /數碼聲頻輸出 /LAN /WiFI','1240.4x773.3x226.5(63)mm','HK$ 9980.00','20150128041714221343.jpg','http://www.samsung.com/hk/consumer/tv-av/televisions/uhd-tv/UA55HU5900JXZK'),(150,'Samsung UA40HU6000AJ 40\" UHD Smart TV',5,7,'2015-01-01','2015-01-01','UA40HU6000AJ',0,'4K超高清解像 /流暢倍增技術200Hz /四核心處理器 /Smart Hub /雙重視窗 /Screen Mirroring /Samsung Apps','HDMIx4/USBx3 /RCA /Component /數碼聲頻輸出 /LAN /WiFI','917.5x578x216.9(62.2)mm','HK$ 5450.00','20150128042025545644.jpg','http://www.samsung.com/hk/consumer/tv-av/televisions/uhd-tv/UA40HU6000JXZK'),(151,'Samsung UA55HU6000AJ 55\" UHD Smart TV',5,7,'2015-01-01','2015-01-01','UA55UH6000AJ',0,'4K超高清解像 /流暢倍增技術200Hz /四核心處理器 /Smart Hub /雙重視窗 /Screen Mirroring /Samsung Apps','HDMIx4/USBx3 /RCA /Component /數碼聲頻輸出 /LAN /WiFI','1240.4x773.3x226.5(63)mm','HK$ 9700.00','20150128042211006346.jpg','http://www.samsung.com/hk/consumer/tv-av/televisions/uhd-tv/UA55HU6000JXZK'),(152,'Samsung UA40HU6008AJ 40\" UHD Smart TV',5,7,'2015-01-01','2015-01-01','UA40HU6008AJ',0,'4K超高清解像 /流暢倍增技術200Hz /四核心處理器 /Smart Hub /雙重視窗 /Screen Mirroring /Samsung Apps',' HDMIx4/USBx3 /RCA /Component /數碼聲頻輸出 /LAN /WiFI ','917.5x578x217(62.2)mm','HK$ 5390.00','20150129044842197693.jpg','http://www.samsung.com/hk/consumer/tv-av/televisions/uhd-tv/UA40HU6008JXZK'),(153,'Samsung UA40HU7000AJ 40\" UHD Smart TV',5,7,'2015-01-01','2015-01-01','UA40HU7000AJ',0,'4K超高清解像 /流暢倍增技術200Hz /四核心處理器 /Smart Hub /雙重視窗 /Screen Mirroring /Samsung Apps',' HDMIx4/USBx3 /RCA /Component /數碼聲頻輸出 /LAN /WiFI ','917x586x258(68.4)mm','HK$ 6450.00','20150129045332076005.jpg','http://www.samsung.com/hk/consumer/tv-av/televisions/uhd-tv/UA40HU7000JXZK'),(154,'Samsung UA50HU7000AJ 50\" UHD Smart TV',5,7,'2015-01-01','2015-01-01','UA50HU7000AJ',0,'4K超高清解像 /流暢倍增技術200Hz /四核心處理器 /Smart Hub /雙重視窗 /Screen Mirroring /Samsung Apps',' HDMIx4/USBx3 /RCA /Component /數碼聲頻輸出 /LAN /WiFI ','1127.9x703.1x275.1(69)mm','HK$ 8850.00','20150129045532124761.jpg','http://www.samsung.com/hk/consumer/tv-av/televisions/uhd-tv/UA50HU7000JXZK'),(155,'Samsung UA55HU7000AJ 55\" UHD Smart TV',5,7,'2015-01-01','2015-01-01','UA55HU7000AJ',0,'4K超高清解像 /流暢倍增技術200Hz /四核心處理器 /Smart Hub /雙重視窗 /Screen Mirroring /Samsung Apps',' HDMIx4/USBx3 /RCA /Component /數碼聲頻輸出 /LAN /WiFI ','1239.7x719.2x275(69)mm','HK$ 12490.00','20150129045916738925.jpg','http://www.samsung.com/hk/consumer/tv-av/televisions/uhd-tv/UA55HU7000JXZK'),(156,'Samsung UA55HU7800AJ 55\" CURVED UHD Smart TV',5,7,'2015-01-01','2015-01-01','UA55HU7800AJ',0,'曲面屏幕 /4K超高清解像 /流暢倍增技術800Hz /四核心處理器 /Smart Hub /雙重視窗 /Screen Mirroring /Samsung Apps',' HDMIx4/USBx3 /RCA /Component /數碼聲頻輸出 /LAN /WiFI ','1233 x 760.4 x 294.9(111.4)mm','HK$ 18880.00','20150129050448703557.jpg','http://www.samsung.com/hk/consumer/tv-av/televisions/uhd-tv/UA55HU7800JXZK'),(157,'Samsung UA65HU7800AJ 65\" CURVED UHD Smart TV',5,7,'2015-01-01','2015-01-01','UA65HU7800AJ',0,'曲面屏幕 /4K超高清解像 /流暢倍增技術800Hz /四核心處理器 /Smart Hub /雙重視窗 /Screen Mirroring /Samsung Apps',' HDMIx4/USBx3 /RCA /Component /數碼聲頻輸出 /LAN /WiFI ','1451.2 x 881.0 x 320.9(134.6)mm','HK$ 28880.00','20150129050726120579.jpg','http://www.samsung.com/hk/consumer/tv-av/televisions/uhd-tv/UA65HU7800JXZK'),(158,'Samsung UA55HU8500 55\" CURVED UHD 3DTV',5,7,'2015-01-01','2015-01-01','UA55HU8500AJ',0,'曲面屏幕 /4K超高清解像 /流暢倍增技術1000Hz /四核心處理器 /Smart Hub /雙重視窗 /Screen Mirroring /Samsung Apps',' HDMIx4/USBx3 /RCA /Component /數碼聲頻輸出 /LAN /WiFI ','1228.2 x 745.9 x 269.9(35.2)mm','HK$ 15990.00','20150129052124620688.jpg','http://www.samsung.com/hk/consumer/tv-av/televisions/uhd-tv/UA55HU8500JXZK'),(159,'Samsung UA65HU8500 65\" CURVED UHD 3DTV',5,7,'2015-01-01','2015-01-01','UA65HU8500AJ',0,'曲面屏幕 /4K超高清解像 /流暢倍增技術1000Hz /四核心處理器 /Smart Hub /雙重視窗 /Screen Mirroring /Samsung Apps',' HDMIx4/USBx3 /RCA /Component /數碼聲頻輸出 /LAN /WiFI ','1449.3 x 873.5 x 294.9(36.4)mm','HK$ 30490.00','20150129052425433170.jpg','http://www.samsung.com/hk/consumer/tv-av/televisions/uhd-tv/UA65HU8500JXZK'),(160,'Samsung UA85HU8500 85\" CURVED UHD 3DTV',5,7,'2015-01-02','2015-01-02','UA85HU8500',0,'曲面屏幕 /4K超高清解像 /流暢倍增技術1000Hz /四核心處理器 /Smart Hub /雙重視窗 /Screen Mirroring /Samsung Apps',' HDMIx4/USBx3 /RCA /Component /數碼聲頻輸出 /LAN /WiFI ','1903.4 X 1149.8 X 395(69.4)mm','HK$ 128000.00','20150129071353384769.jpg','http://www.samsung.com/hk/consumer/tv-av/televisions/uhd-tv/UA85HU8500JXZK'),(161,'Samsung UA55HU9800 55\" CURVED UHD 3DTV',5,7,'2015-01-02','2015-01-02','UA55HU9800AJ',0,'曲面屏幕 /4K超高清解像 /流暢倍增技術1200Hz /四核心處理器 /Smart Hub /雙重視窗 /Screen Mirroring /Samsung Apps',' HDMIx4/USBx3 /RCA /Component /數碼聲頻輸出 /LAN /WiFI ','1232.6 x 767.6 x 308(93)mm','HK$ 24990.00','20150129071636505125.jpg','http://www.samsung.com/hk/consumer/tv-av/televisions/uhd-tv/UA55HU9800JXZK'),(162,'Samsung UA65HU9800 65\" CURVED UHD 3DTV',5,7,'2015-01-02','2015-01-02','UA65HU9800AJ',0,'曲面屏幕 /4K超高清解像 /流暢倍增技術1200Hz /四核心處理器 /Smart Hub /雙重視窗 /Screen Mirroring /Samsung Apps',' HDMIx4/USBx3 /RCA /Component /數碼聲頻輸出 /LAN /WiFI ','1450.7 x 891.6 x 326.8(110.5)mm','HK$ 41990.00 ','20150129071839998050.jpg','http://www.samsung.com/hk/consumer/tv-av/televisions/uhd-tv/UA65HU9800JXZK'),(163,'Samsung UA78HU9800 78\" CURVED UHD 3DTV',5,7,'2015-01-02','2015-01-02','UA78HU9800AJ',0,'曲面屏幕 /4K超高清解像 /流暢倍增技術1200Hz /四核心處理器 /Smart Hub /雙重視窗 /Screen Mirroring /Samsung Apps',' HDMIx4/USBx3 /RCA /Component /數碼聲頻輸出 /LAN /WiFI ','1754.2 x 1069.9 x 370.5(144.6)mm','HK$ 76990.00','20150129072025888668.jpg','http://www.samsung.com/hk/consumer/tv-av/televisions/uhd-tv/UA78HU9800JXZK'),(164,'SONY KDL-40W600B 40\" LED TV',5,8,'2015-01-01','2015-01-01','KDL-40W600B',0,'Motionflow XR 200 Hz /USB 播放 /Sony Entertainment Network',' HDMIx4/USBx2 /RCA /Component /數碼聲頻輸出 /LAN /WiFI ','926 x 584 x 162(49.4)','HK$ 4280.00','20150129075854692754.jpg','http://www.sony.com.hk/products/apps/product/simplePage.do?modelCode=18624200'),(165,'SONY KDL-48W600B 48\" LED TV',5,8,'2015-01-01','2015-01-01','KDL-48W600B',0,'Motionflow XR 200 Hz /USB 播放 /Sony Entertainment Network',' HDMIx4/USBx2 /RCA /Component /數碼聲頻輸出 /LAN /WiFI ','1086x675x181(49.4)mm','HK$ 5690.00','20150129080049304091.jpg','http://www.sony.com.hk/products/apps/product/simplePage.do?modelCode=18624100'),(166,'SONY KDL-32W700B 32\" LED TV',5,8,'2015-01-01','2015-01-01','KDL-32W700B',0,'Motionflow XR 200 Hz /USB 播放 /Sony Entertainment Network',' HDMIx4/USBx2 /RCA /Component /數碼聲頻輸出 /LAN /WiFI ','729x465x141(15.8)mm','HK$ 3190.00','20150129080307356666.jpg','http://www.sony.com.hk/products/apps/product/simplePage.do?modelCode=18610900'),(167,'SONY KDL-42W700B 42\" LED TV',5,8,'2015-01-01','2015-01-01','KDL-42W700B',0,'Motionflow XR 200 Hz /USB 播放 /Sony Entertainment Network',' HDMIx4/USBx2 /RCA /Component /數碼聲頻輸出 /LAN /WiFI ','958x600x170(15.8)mm','HK$ 4690.00','20150129080544144762.jpg','http://www.sony.com.hk/products/apps/product/simplePage.do?modelCode=18610800'),(169,'SONY KDL-50W800B 50\" FHD 3D TV',5,8,'2015-01-01','2015-01-01','KDL-50W800B',0,'被動式3D /Motionflow XR 400 Hz /Skype Ready /USB 播放 /Sony Entertainment Network',' HDMIx4/USBx2 /RCA /Component /數碼聲頻輸出 /LAN /WiFI ','1116x693x179(16.2)mm','HK$ 9290.00','20150129102805936712.jpg','http://www.sony.com.hk/products/apps/product/simplePage.do?modelCode=18610700'),(170,'SONY KDL-55W800B 55\" FHD 3D TV',5,8,'2015-01-01','2015-01-01','KDL-55W800B',0,'被動式3D /Motionflow XR 400 Hz /Skype Ready /USB 播放 /Sony Entertainment Network',' HDMIx4/USBx2 /RCA /Component /數碼聲頻輸出 /LAN /WiFI ','1234 x 764 x 197mm','HK$ 9999.00','20150129102956514796.jpg','http://www.sony.com.hk/products/apps/product/simplePage.do?modelCode=18651500'),(171,'SONY KDL-60W850B 60\" FHD 3D TV',5,8,'2015-01-01','2015-01-01','KDL-60W850B',0,'主動式3D /全新 Wedge Design /Motionflow XR 400 Hz /Skype Ready /USB 播放 /Sony Entertainment Network',' HDMIx4/USBx2 /RCA /Component /數碼聲頻輸出 /LAN /WiFI ','1371x841x233mm','HK$ 15480.00','20150129103300152647.jpg','http://www.sony.com.hk/products/apps/product/simplePage.do?modelCode=18610600'),(172,'SONY KDL-70W850B 70\" FHD 3D TV',5,8,'2015-01-01','2015-01-01','KDL-70W850B',0,'主動式3D /全新 Wedge Design /Motionflow XR 400 Hz /Skype Ready /USB 播放 /Sony Entertainment Network',' HDMIx4/USBx2 /RCA /Component /數碼聲頻輸出 /LAN /WiFI ','1586x970x370mm','HK$ 24480.00','20150129103446360620.jpg','http://www.sony.com.hk/products/apps/product/simplePage.do?modelCode=18610500'),(173,'SONY KDL-65W950B 65\" FHD 3D Internet TV',5,8,'2015-01-01','2015-01-01','KDL-65W950B',0,'被動式3D /全新 Wedge Design /Motionflow XR 400 Hz /Skype Ready /USB 播放 /Sony Entertainment Network',' HDMIx4/USBx2 /RCA /Component /數碼聲頻輸出 /LAN /WiFI ','1461x 915 x 323mm ','HK$ 20880.00','20150129103818846005.jpg','http://www.sony.com.hk/products/apps/product/simplePage.do?modelCode=18610100&lang=zh'),(174,'SONY KD-49X8500B 49\" UHD 3D TV',5,8,'2015-01-01','2015-01-01','KD-49X8500B ',0,'4K X-Reality PRO影像處理引擎 /被動式3D /Motionflow XR 200 Hz /Skype™',' HDMIx4/USBx3 /RCA /Component /數碼聲頻輸出 /LAN /WiFI ','1094 x 704 x 225mm','HK$ 12490.00','20150129105631404608.jpg','http://www.sony.com.hk/products/apps/product/simplePage.do?modelCode=18651400'),(175,'SONY KD-55X8500B 55\" UHD 3D TV',5,8,'2015-01-01','2015-01-01','KD-55X8500B ',0,'4K X-Reality PRO影像處理引擎 /被動式3D /Motionflow XR 200 Hz /Skype™',' HDMIx4/USBx3 /RCA /Component /數碼聲頻輸出 /LAN /WiFI ','1232 x 785 x 285mm','HK$ 17880.00','20150129105840844619.jpg','http://www.sony.com.hk/products/apps/product/simplePage.do?modelCode=18651300'),(176,'SONY KD-65X8500B 65\" UHD 3D TV',5,8,'2015-01-01','2015-01-01','KD-65X8500B',0,'4K X-Reality PRO影像處理引擎 /被動式3D /Motionflow XR 200 Hz /Skype™',' HDMIx4/USBx3 /RCA /Component /數碼聲頻輸出 /LAN /WiFI ','1448 x 910 x 285mm','HK$ 26480.00','20150129110219268651.jpg','http://www.sony.com.hk/products/apps/product/simplePage.do?modelCode=18651200'),(177,'SONY KD-70X8500B 70\" UHD 3D TV',5,8,'2015-01-01','2015-01-01','KD-70X8500B ',0,'4K X-Reality PRO影像處理引擎 /被動式3D /Motionflow XR 200 Hz /Skype™',' HDMIx4/USBx3 /RCA /Component /數碼聲頻輸出 /LAN /WiFI ','1572 x 983 x 364mm','HK$ 43200.00','20150129110340398581.jpg','http://www.sony.com.hk/products/apps/product/simplePage.do?modelCode=18651100'),(178,'SONY KD-55X9000B 55\" UHD 3D TV',5,8,'2015-01-01','2015-01-01','KD-55X9000B ',0,'4K X-Reality PRO影像處理引擎 /Motionflow XR 800 Hz /被動式3D /內置Skype™ /',' HDMIx4/USBx2 /RCA /Component /數碼聲頻輸出 /LAN /WiFI ','1494 x 791 x 320mm','HK$ 23580.00','20150129110753923115.jpg','http://www.sony.com.hk/products/apps/product/simplePage.do?modelCode=18609400'),(179,'SONY KD-65X9000B 65\" UHD 3D TV',5,8,'2015-01-01','2015-01-01','KD-65X9000B ',0,'4K X-Reality PRO影像處理引擎 /Motionflow XR 800 Hz /被動式3D /內置Skype™ /',' HDMIx4/USBx3 /RCA /Component /數碼聲頻輸出 /LAN /WiFI ','1716 x 916 x 320mm','HK$ 36400.00','20150129110927391657.jpg','http://www.sony.com.hk/products/apps/product/simplePage.do?modelCode=18609300'),(180,'SONY KD-79X9000B 65\" UHD 3D TV',5,8,'2015-01-01','2015-01-01','KD-79X9000B ',0,'4K X-Reality PRO影像處理引擎 /Motionflow XR 800 Hz /被動式3D /內置Skype™ /',' HDMIx4/USBx3 /RCA /Component /數碼聲頻輸出 /LAN /WiFI ','2031 x 1109 x 442mm','HK$ 78880.00','20150129111213481112.jpg','http://www.sony.com.hk/products/apps/product/simplePage.do?modelCode=18609200'),(181,'SONY KD-65X9500B 65\" UHD 3D TV',5,8,'2015-01-01','2015-01-01','KD-65X9500B',0,'4K X-Reality PRO影像處理引擎 /Motionflow XR 800 Hz /主動式3D /內置Skype™ /',' HDMIx4/USBx3 /RCA /Component /數碼聲頻輸出 /LAN /WiFI ','1493 x 950 x 348MM','HK$ 46500.00','20150129111906801634.jpg','http://www.sony.com.hk/products/apps/product/simplePage.do?modelCode=18609100'),(182,'SONY KD-85X9500B 85\" UHD 3D TV',5,8,'2015-01-01','2015-01-01','KD-85X9500B',0,'4K X-Reality PRO影像處理引擎 /Motionflow XR 800 Hz /主動式3D /內置Skype™ /',' HDMIx4/USBx3 /RCA /Component /數碼聲頻輸出 /LAN /WiFI ','1957(1954) x 1214 (1576) x 452(591)mm','HK$ 153000.00','20150129111825136554.jpg','http://www.sony.com.hk/products/apps/product/simplePage.do?modelCode=18609000'),(183,'SONY KD-65S9000 65\" 4K 3D Curved TV',5,8,'2015-01-01','2015-01-01','KD-65S9000',0,'曲面屏幕 /4K X-Reality PRO影像處理引擎4K超高清解像 /Motionflow XR 800 Hz /主動式3D /MHL3.0 /HDCP2.2',' HDMIx4/USBx3 /RCA /Component /數碼聲頻輸出 /LAN /WiFI ','1549x904x332mm','HK$ 42800.00','20150129112633572629.jpg','http://www.sony.com.hk/products/apps/product/simplePage.do?modelCode=18671900'),(184,'SONY KD-75S9000 75\" 4K 3D Curved TV',5,8,'2015-01-01','2015-01-01','KD-75S9000',0,'曲面屏幕 /4K X-Reality PRO影像處理引擎4K超高清解像 /Motionflow XR 800 Hz /主動式3D /MHL3.0 /HDCP2.2',' HDMIx4/USBx3 /RCA /Component /數碼聲頻輸出 /LAN /WiFI ','1780x1030x366mm','HK$ 58800.00','20150129112855226562.jpg','http://www.sony.com.hk/products/apps/product/simplePage.do?modelCode=18672000'),(185,'SONY CP-V10 10000mAh Portable Charger',18,8,'2015-01-02','2015-01-02','CP-V10',0,'通過BSMI認證碼:R33021 /4段 LED 電量顯示燈設計 /防刮設計 ','INPUT :DC5V 1.0A / OUTPUT : DC5V MAX 1.5A 6000mAh','N/A','HK$ 398.00','20150129012122468563.jpg',''),(186,'SONY USM16SA1 16GB USB Flash Driver',16,8,'2015-01-02','2015-01-02','USM16SA1 ',0,'USB 及 micro-USB 雙接頭 /LED 指示燈 /適用於智慧型手機，平板電腦和個人電腦的 OTG USB 隨身碟 ','Type A USB / USB 1.1 port, microUSB /16GB /File Manager from Google Play','N/A','HK $198.00','20150129012950016659.jpg',''),(187,'SHARP LC-42LE860H 42\" 3D Smart TV',5,12,'2015-01-01','2015-01-01','LC-42LE860H',0,'Android 4.2.2OS /Fine Motion 100 /USB 2.0 及3.0 支援多媒體播放 /','HDMIx3/USBx4 /RCA /Component /數碼聲頻輸出 /LAN /WiFI /SD/SDHC卡插糟','951x595x280(70)mm','HK$ 5690.00','20150202054712286288.jpg','http://www.sharp.com.hk/html/tch/products/productDetail?product_id=740&category_id=7'),(188,'SHARP LC-50LE860H 50\" 3D Smart TV',5,12,'2015-01-01','2015-01-01','LC-50LE860H',0,'Android 4.2.2OS /Fine Motion 100 /USB 2.0 及3.0 支援多媒體播放 /','HDMIx3/USBx4 /RCA /Component /數碼聲頻輸出 /LAN /WiFI /SD/SDHC卡插糟','1119x688x280(73)mm','HK$ 7590.00','20150202055028661042.jpg','http://www.sharp.com.hk/html/tch/products/productSpec?product_id=741&category_id=7'),(189,'SHARP LC-55LE860H 55\" 3D Smart TV',5,12,'2015-01-01','2015-01-01','LC-55LE860H',0,'Android 4.2.2OS /Fine Motion 100 /USB 2.0 及3.0 支援多媒體播放 /','HDMIx3/USBx4 /RCA /Component /數碼聲頻輸出 /LAN /WiFI /SD/SDHC卡插糟','1233x753x280(69)mm','HK$ 8990.00','20150202055236155215.jpg','http://www.sharp.com.hk/html/tch/products/productDetail?product_id=743&category_id=7'),(190,'SHARP LC-46LX650H 46\" 3D Internet TV',5,12,'2015-01-01','2015-01-01','LC-46LX650H',0,'Fine Motion 200 /錄影功能 /AQUOS.NET /兼容 RMVB 及 HD DivX+格式','HDMIx4/USBx3 /VGA /RCA /Component /數碼聲頻輸出 /LAN /WiFI','1067x674x294(77)mm','HK$ 7880.00','20150202055942111778.jpg','http://www.sharp.com.hk/html/tch/products/productSpec?product_id=703&category_id=7'),(191,'SHARP LC-52LX650H 52\" 3D Internet TV',5,12,'2015-01-01','2015-01-01','LC-52LX650H',0,'Fine Motion 200 /錄影功能 /AQUOS.NET /兼容 RMVB 及 HD DivX+格式','HDMIx4/USBx3 /VGA /RCA /Component /數碼聲頻輸出 /LAN /WiFI','1202x752x294(77)mm','HK$ 10980.00','20150202060227225955.jpg','http://www.sharp.com.hk/html/tch/products/productDetail?product_id=702&category_id=7'),(192,'SHARP LC-60LX650H 60\" 3D Internet TV',5,12,'2015-01-01','2015-01-01','LC-60LX650H',0,'Fine Motion 200 /錄影功能 /AQUOS.NET /兼容 RMVB 及 HD DivX+格式','HDMIx4/USBx3 /VGA /RCA /Component /數碼聲頻輸出 /LAN /WiFI','1379x851x367(77)mm','HK$ 12280.00','20150202060438654819.jpg','http://www.sharp.com.hk/html/tch/products/productDetail?product_id=701&category_id=7'),(193,'SHARP LC-60UD1H 60\" UHD Internet TV',5,12,'2015-01-01','2015-01-01','LC-60UD1H',0,'香港首部榮獲 THX 4K Display之超高清電視，配備嶄新Moth Eye屏幕，4K視覺革命，觸目登場。','HDMIx4/USBx3 /VGA /RCA /Component /數碼聲頻輸出 /LAN /WiFI','1378x876x374(114)mm','HK$ 31780.00','20150203040651232481.jpg','http://www.sharp.com.hk/html/tch/products/productSpec?product_id=718&category_id=7'),(194,'SHARP LC-70UD1H 70\" UHD Internet TV',5,12,'2015-01-01','2015-01-01','LC-70UD1H',0,'香港首部榮獲 THX 4K Display之超高清電視，配備嶄新Moth Eye屏幕，4K視覺革命，觸目登場。','HDMIx4/USBx3 /VGA /RCA /Component /數碼聲頻輸出 /LAN /WiFI','1578x996x374(114)mm','HK$ 40880.00','20150203041009471987.jpg','http://www.sharp.com.hk/html/tch/products/productDetail?product_id=715&category_id=7'),(196,'LeTV X50 AIR 50\" UHD 3D TV',5,13,'2015-01-01','2015-01-01','X50 AIR',0,'LeTV輪播頻道 ,樂看搜尋 /主動快門式3D顯示技術 /支持Airplay、DLNA、Miracast','H.265編碼 /4核心CPU /HDMI /LAN /WiFi /SD Slot /RCA /USB3.0 /LetvUI 3.0系統','1117.4x268.3x707(653)mm','HK$ 7180.00','20150210073101918426.jpg','http://hk.shop.letv.com/product/x50airysb.html'),(197,'LeTV S40 AIR 40\" FHD LED TV',5,13,'2015-01-01','2015-01-01','S40 AIR',0,'LeTV輪播頻道 ,樂看搜尋 /藍芽4.0模組 /支持Airplay、DLNA、Miracast','4核心CPU /HDMI /LAN /WiFi /SD Slot /RCA /USB3.0 /LetvUI 3.0系統','893.5x220x560.8(505)mm','HK$ 3990.00','20150210073519769644.jpg','http://hk.shop.letv.com/product/s40airxsd.html#c'),(209,'SAMSUNG RT22FARAD',11,7,'2015-01-01','2015-01-01','RT22FARAD',0,'變頻壓縮機10 年特長保養 /易拉層架大大提高儲存量 /獨有濕度保鮮區','總容量 234L /(SP/SH) 鈦金屬色, (SA/SH) 碳銀色','555x1545x637mm','(SP/SH) HK$ 2490.00 / (SA/SH) HK$ 2790.00','20150211054057773813.jpg','http://www.samsung.com/hk/consumer/appliances/refrigerators/top-freezer/RT22FARADSP/SH'),(210,'SAMSUNG RT22FARAC',11,7,'2015-01-01','2015-01-01','RT22FARAC',0,'變頻壓縮機10 年特長保養 /易拉層架大大提高儲存量 /獨有濕度保鮮區','總容量 234L /(SP/SH) 鈦金屬色','555x1545x637mm','HK$ 2890.00','20150211054633505868.jpg','http://www.samsung.com/hk/consumer/appliances/refrigerators/top-freezer/RT22FARACSP/SH'),(211,'SAMSUNG HW-H450 2.1ch Sound Bar',7,7,'2015-01-01','2015-01-01','HW-H450',0,'手機遙控揚聲器 /TV Sound Connect  /','總輸出 290W /Anynet+ (HDMI-CEC) /USB Host 2.0 /藍牙 /光纖 /HDMI','主揚聲器957 x 59.5 x 66.5mm重低音揚聲器175 x 362 x 295mm','HK$ 1490.00','20150212055255912084.jpg','http://www.samsung.com/hk/consumer/tv-av/wireless-audio-dock/wireless-audio-dock/HW-H450/ZK'),(212,'LeTV New C1S',15,13,'2015-01-01','2015-01-01','New C1S',0,'Android 4.2 OS / AirPlay及DLNA多媒體分享 / AP功能 /LetvUI','Dual core ARM Cortex-A9 1.5GHz /2xUSB /HDMI /SD Slot /WiFI /Lan ','110*110*21.5mm','HK$ 499.00','20150212060123747030.jpg','http://shop.letv.com/product/new_c1s/parameter.html'),(213,'HIMEDIA Q2S 芒果嗨Q (with Google Play)',15,34,'2015-01-01','2015-01-01','Q2S',0,'Android 4.2.2 /支援H.265 / 芒果嗨Q / Google Play Store','四核心處理器 /8GB Rom /2xUSB /HDMI /WiFi / Lan',' N/A','HK$ 399.00','20150212061306110177.jpg',''),(214,'TELEDEVICE AN2HD Android + HD Set-Top Box ',14,22,'2015-01-01','2015-01-01','AN2HD',0,'高清數碼廣播接收，USB播放功能，錄影功能，WiFi，Apps 安裝，DNLA/Airplay','Android 4.2 OS，Daul Core A9 1.5GHz，1GB Ram，4GB Rom，USBx2，Lan','166x147x28mm','HK$ 699.00','20150216060637105977.jpg','http://www.teledevice.com.hk/product_nei2.php?id=227'),(215,'TELEDEVICE HD26DT Daul Tuner HD Set-Top Box ',14,22,'2015-01-01','2015-01-01','HD26DT',0,'雙Tuner數碼廣播接收器，USB 多媒體播放，錄影功能，雙台錄影，Support 2TB HDD','HDMI /Component /RCA /USB /','180x135x38mm','HK$ 599.00','20150216061210062591.jpg','http://www.teledevice.com.hk/product_nei2.php?id=215'),(216,'TELEDEVICE HD3223RM HD Set-Top Box',14,22,'2015-01-01','2015-01-01','HD3223RM',0,'數碼廣播接收器，USB 多媒體播放，錄影功能，MKV 播放','HDMI /Component /RCA /USB / RF','168x110x35m','HK$ 328.00','20150216061528313991.jpg','http://www.teledevice.com.hk/product_nei2.php?id=148'),(217,'TELEDEVICE RM -148 HD Set-Top Box',14,22,'2015-01-01','2015-01-01','RM-148',0,'數碼廣播接收，USB 多媒體播放，錄影功能，Support RMVB 播放','DTMB Tuner / HDMI / USB / RCA / Component ','110x148x35mm','HK$ 318.00','20150216061901722208.jpg','http://www.teledevice.com.hk/product_nei2.php?id=216'),(218,'1CHIBAN IB-3388RM HD Set-Top Box ',14,35,'2015-01-01','2015-01-01','IB-3388RM',0,'數碼廣播接收，USB 多媒體播放，錄影功能，Support RMVB、MKV 播放','DTMB Tuner / HDMI / USB / RCA / Component ','168x110x35mm','HK$ 318.00','20150216062538872800.jpg','http://www.teledevice.com.hk/product_nei2.php?id=150'),(219,'TELEDEVICE DVD-2468B DVD Player',6,22,'2015-01-01','2015-01-01','DVD-2468B',0,'卡拉OK功能，2.0立體聲道，32倍快播及倒播，CD copy to MP3 ','Component / RCA / Coaxial / USB','225x220x500mm','HK$ 198.00','20150216063134686817.jpg','http://www.teledevice.com.hk/product_nei2.php?id=153'),(220,'TELEDEVICE DVD-456HD DVD Player',6,22,'2015-01-01','2015-01-01','DVD-456HD',0,'HDMI 1080p輸出，卡拉OK功能，5.1立體聲道，32倍快播及倒播，CD copy to MP3 ','HDMI / Component / RCA / Optical  / USB','225x220x400mm','HK$ 248.00','20150216063508385824.jpg','http://www.teledevice.com.hk/product_nei2.php?id=147'),(221,'TELEDEVICE DVD-99RMHD DVD Player',6,22,'2015-01-01','2015-01-01','DVD-99RMHD',0,'HDMI 1080p輸出，RMVB播放，卡拉OK功能，5.1立體聲道，32倍快播及倒播，CD copy to MP3 ','HDMI / RCA / Coaxial / Component / USB','220x225x52mm','HK$ 298.00','20150216063751429917.jpg','http://www.teledevice.com.hk/product_nei2.php?id=145'),(222,'TELEDEVICE MHF-1001G 2.0 DVD HiFi',7,22,'2015-01-01','2015-01-01','MHF-1001G',0,'機身細小，全音域輸出8W x2，DVD、MP3播放，FM，CD copy to MP3，Audio input','Component / RCA / Coaxial / USB','(主機)180x200x114(喇叭)140x225x110mm','HK$ 358.00','20150216064329283046.jpg','http://www.teledevice.com.hk/product_nei2.php?id=140'),(223,'TELEDEVICE MHF-147 2.0 DVD HiFi',7,22,'2015-01-01','2015-01-01','MHF-147',0,'全音域輸出15W x2，DVD、MP3播放，FM，CD copy to MP3，Audio input','Component / RCA / Coaxial / USB','主機212x180x160揚聲器181x130x220mm','HK$ 458.00','20150216064734569964.jpg','http://www.teledevice.com.hk/product_nei2.php?id=220'),(224,'TELEDEVICE MHF-333BT Bluetooth DVD HiFi',7,22,'2015-01-01','2015-01-01','MHF-333BT(L)',0,'藍牙傳播功能，全音域輸出15W x2，DVD、MP3播放，FM，CD copy to MP3，Audio input','Component / RCA / Coaxial / USB / Blurtooth','主機185x110x220揚聲器120x215x200mm','HK$ 568.00','20150216065401318453.jpg','http://www.teledevice.com.hk/product_nei2.php?id=202'),(225,'TELEDEVICE P10-iDTV Portable iDTV+DVD Player',5,22,'2015-02-01','2015-02-01','P10-iDTV',0,'10.1吋顯示屏，內置高清數碼廣播接收，內置鋰電池，DVD播放，RMVB播放，180度轉屏幕','DTMB Tuner  /USB /RCA /Earphone /Remote','260x184x43mm','HK$ 980.00','20150217060108401318.jpg','http://www.teledevice.com.hk/product_nei2.php?id=218'),(226,'TELEDEVICE P16-iDTV Portable iDTV+DVD Player',5,22,'2015-02-01','2015-02-01','P16-iDTV',0,'16吋顯示屏，內置高清數碼廣播接收，內置鋰電池，DVD播放，RMVB播放，180度轉屏幕','DTMB Tuner /USB /RCA /Earphone /Remote','420x275x45mm','HK$ 1480.00','20150217060536214005.jpg','http://www.teledevice.com.hk/product_nei2.php?id=219'),(227,'TELEDEVICE P9-iDTV Portable iDTV+DVD Player',5,22,'2015-02-01','2015-02-01','P9-iDTV',0,'9吋顯示屏，內置高清數碼廣播接收，內置鋰電池，DVD播放，RMVB播放，180度轉屏幕','DTMB Tuner  /USB /RCA /Earphone /Remote','260x184x43mm','HK$ 880.00','20150217061027996337.jpg','http://www.teledevice.com.hk/product_nei2.php?id=217'),(228,'TELEDEVICE P1088RM Portable DVD Player w/ TV',6,22,'2015-02-01','2015-02-01','P1088RM',0,'10吋顯示屏，內置鋰電池，DVD播放，RMVB播放，180度旋轉屏幕，FM /PAL','PAL Tuner  /USB /RCA /Earphone /Remote',' N/A','HK$ 680.00','20150217061546181906.jpg','http://www.teledevice.com.hk/product_nei2.php?id=158'),(229,'TELEDEVICE P700RM Portable DVD Player w/ TV',6,22,'2015-02-01','2015-02-01','P700RM',0,'7吋顯示屏，內置鋰電池，DVD播放，RMVB播放，180度旋轉屏幕','PAL Tuner  /USB /RCA /Earphone /Remote','N/A','HK$ 490.00','20150217061746589936.jpg','http://www.teledevice.com.hk/product_nei2.php?id=154'),(230,'TELEDEVICE P922RM Portable DVD Player w/ TV',6,22,'2015-02-01','2015-02-01','P922RM',0,'9吋顯示屏，內置鋰電池，DVD播放，RMVB播放，180度旋轉屏幕，FM /PAL','PAL Tuner  /USB /RCA /Earphone /Remote','N/A','HK$ 580.00','20150217061930677987.jpg','http://www.teledevice.com.hk/product_nei2.php?id=155'),(231,'EIGHT EHD608 數碼高清接收器',14,16,'2015-01-01','2015-01-01','EHD608',0,'符合DMB-TH標準，單載波及多載波，支援RMVB多媒體播放，USB即錄及預錄功能','HDMI / Component / RCA / Coaxial / USB','N/A','HK$ 488.00','20150224061314339437.jpg','http://www.eightgroup.com/main/'),(232,'EIGHT EHD708 數碼高清接收器',14,16,'2015-01-01','2015-01-01','EHD708',0,'符合DMB-TH標準，單載波及多載波，支援RMVB多媒體播放，USB即錄及預錄功能','HDMI / Component / RCA / Coaxial / USB',' N/A','HK$ 580.00','20150224062148750696.jpg','http://www.eightgroup.com/main/'),(233,'安博網絡電視盒子 GS100',15,36,'2015-01-01','2015-01-01','GS100',1,'高清IPTV直播/7天回看，永久免年費，內置VIP軟件尊享電影、劇集','四核心處理器 /8GB Flash /HDMI /AV /2xUSB /Lan /WiFi','140x22x140mm','HK$ 799.00','20150225102030761956.jpg','http://www.unblocktech.com/'),(236,'Zanussi ZFV805',10,28,'2015-01-01','2015-01-01','ZFV805',0,'超薄機身 / 油壓式避震 / 30分鐘特快洗衣程序 / 特大機門設計','5KG洗衣量 / 每分鐘800轉脫水轉速 / 衣物防皺系統 / 歐洲製造 / 原廠1年保用','W600 x H850 x D510 mm','HK $2690.00','20150227072955406825.jpg','http://www.dch-ead.com/chinese/household/main_fme.php?page=SHOWCASE'),(237,'Zanussi ZFV835S',10,28,'2015-01-01','2015-01-01','ZFV835S',0,'超薄機身 / 油壓式避震 / 30分鐘特快洗衣程序 / 特大機門設計','5KG洗衣量 / 每分鐘800轉脫水轉速 / 衣物防皺系統 / 歐洲製造 / 原廠1年保用','W600 x H850 x D440 mm','HK $3190.00','20150227083537159117.jpg','http://www.dch-ead.com/chinese/household/main_fme.php?page=SHOWCASE'),(238,'Zanussi ZFV1035S',10,28,'2015-01-01','2015-01-01','ZFV1035S',0,'超薄機身 / 油壓式避震 / 30分鐘特快洗衣程序 / 特大機門設計','5KG洗衣量 / 每分鐘1000轉脫水轉速 / 衣物防皺系統 / 歐洲製造 / 原廠1年保用','W600 x H850 x D440 mm','HK $3490.00','20150227085358127185.jpg','http://www.dch-ead.com/chinese/household/main_fme.php?page=SHOWCASE'),(239,'Zanussi ZFV1055S',10,28,'2015-01-01','2015-01-01','ZFV1055S',0,'超薄機身 / 油壓式避震 / 30分鐘特快洗衣程序 / 特大機門設計','5KG洗衣量 / 每分鐘1000轉脫水轉速 / 衣物防皺系統 / 歐洲製造 / 原廠1年保用','600 x 850 x 440 mm','HK $3450.00','20150227085826116183.jpg','http://www.dch-ead.com/chinese/household/main_fme.php?page=SHOWCASE'),(240,'Zanussi ZKG2105',10,28,'2015-01-01','2015-01-01','ZKG2105',0,'二合一洗衣乾衣機 / 油壓式避震 / 30分鐘特快洗衣程序 / 特大機門設計','6KG洗衣量 / 4KG乾衣量 / 每分鐘1000轉脫水轉速 / 衣物防皺系統 / 乾衣時間掣:250分鐘 / 自動感應乾衣系統 / 意大利製造 / 原廠1年保用','W600 x H850 x D640 mm','HK $5290.00','20150228055042599518.jpg','http://www.dch-ead.com/chinese/household/main_fme.php?page=ABOUT'),(241,'Zanussi ZKH2125',10,28,'2015-01-01','2015-01-01','ZKH2125',0,'二合一洗衣乾衣機 / 油壓式避震 / 30分鐘特快洗衣程序 / 特大機門設計','7KG洗衣量 / 5KG乾衣量 / 每分鐘1200轉脫水轉速 / 衣物防皺系統 / 乾衣時間掣:250分鐘 / 自動感應乾衣系統 / 意大利製造 / 原廠1年保用','W600 x H850 x D640 mm','HK $6390.00','20150228055308326589.jpg','http://www.dch-ead.com/chinese/household/main_fme.php?page=ABOUT'),(242,'Zanussi ZKN7147J',10,28,'2015-01-01','2015-01-01','ZKN7147J',0,'二合一洗衣乾衣機 / 油壓式避震 / 30分鐘特快洗衣程序 / 特大機門設計','8KG洗衣量 / 6KG乾衣量 / 每分鐘1400轉脫水轉速 / 衣物防皺系統 / 乾衣時間掣:250分鐘 / 自動感應乾衣系統 / 意大利製造 / 原廠1年保用','W600 x H850 x D640 mm','HK $7190.00','20150228055532664824.jpg','http://www.dch-ead.com/chinese/household/main_fme.php?page=ABOUT'),(243,'Zanussi ZWG5850P',10,28,'2015-01-01','2015-01-01','ZWG5850P',0,'平背設計 / 油壓式避震 / 30分鐘特快洗衣程序 / 特大機門設計','6KG洗衣量 / 每分鐘850轉脫水轉速 / 衣物防皺系統 / 泰國製造 / 原廠1年保用','W600 x H850 x D540 mm','HK $3690.00','20150228060009745866.jpg','http://www.dch-ead.com/chinese/household/main_fme.php?page=ABOUT'),(244,'Zanussi ZWH5105P',10,28,'2015-01-01','2015-01-01','ZWH5105P',0,'平背設計 / 油壓式避震 / 30分鐘特快洗衣程序 / 特大機門設計','7KG洗衣量 / 每分鐘1000轉脫水轉速 / 衣物防皺系統 / 泰國製造 / 原廠1年保用','W600 x H850 x D540 mm','HK $3780.00','20150228060140454732.jpg','http://www.dch-ead.com/chinese/household/main_fme.php?page=ABOUT'),(245,'Zanussi ZWH5855P',10,28,'2015-01-01','2015-01-01','ZWH5855P',0,'平背設計 / 油壓式避震 / 30分鐘特快洗衣程序 / 特大機門設計','7KG洗衣量 / 每分鐘850轉脫水轉速 / 衣物防皺系統 / 泰國製造 / 原廠1年保用','W600 x H850 x D540 mm','HK $3290.00','20150228060259721844.jpg','http://www.dch-ead.com/chinese/household/main_fme.php?page=ABOUT'),(246,'Zanussi ZWH7120P',10,28,'2015-01-01','2015-01-01','ZWH7120P',0,'平背設計 / 油壓式避震 / 30分鐘特快洗衣程序 / 特大機門設計','7KG洗衣量 / 每分鐘1200轉脫水轉速 / 衣物防皺系統 / 泰國製造 / 原廠1年保用','W600 x H850 x D540 mm','HK $4390.00','20150228060429313951.jpg','http://www.dch-ead.com/chinese/household/main_fme.php?page=ABOUT'),(247,'Zanussi ZFV827',10,28,'2015-01-01','2015-01-01','ZFV827',0,'平背設計 / 油壓式避震 / 15分鐘特快洗衣程序 / 特大機門設計','7KG洗衣量 / 每分鐘800轉脫水轉速 / 雨灑式洗衣系統 / 歐洲製造 / 原廠1年保用','W600 x H850 x D560 mm','HK $3380.00','20150228061326794339.jpg','http://www.dch-ead.com/chinese/household/main_fme.php?page=ABOUT'),(248,'Zanussi ZFV825',10,28,'2015-01-01','2015-01-01','ZFV825',0,'平背設計 / 油壓式避震 / 15分鐘特快洗衣程序 / 特大機門設計','5KG洗衣量 / 每分鐘800轉脫水轉速 / 雨灑式洗衣系統 / 歐洲製造 / 原廠1年保用','W600 x H850 x D560 mm','HK $2850.00','20150228061534001113.jpg','http://www.dch-ead.com/chinese/household/main_fme.php?page=ABOUT'),(249,'Zanussi ZFV1027',10,28,'2015-01-01','2015-01-01','ZFV1027',0,'平背設計 / 油壓式避震 / 15分鐘特快洗衣程序 / 特大機門設計','7KG洗衣量 / 每分鐘1000轉脫水轉速 / 雨灑式洗衣系統 / 歐洲製造 / 原廠1年保用','W600 x H850 x D560 mm','HK $3990.00','20150228061718745819.jpg','http://www.dch-ead.com/chinese/household/main_fme.php?page=ABOUT'),(250,'Zanussi ZFV1227',10,28,'2015-01-01','2015-01-01','ZFV1227',0,'平背設計 / 油壓式避震 / 15分鐘特快洗衣程序 / 特大機門設計','7KG洗衣量 / 每分鐘1200轉脫水轉速 / 雨灑式洗衣系統 / 歐洲製造 / 原廠1年保用','W600 x H850 x D560 mm','HK $4250.00','20150228061821241966.jpg','http://www.dch-ead.com/chinese/household/main_fme.php?page=ABOUT'),(251,'Zanussi ZFV1036',10,28,'2015-01-01','2015-01-01','ZFV1036',0,'平背設計 / 油壓式避震 / 15分鐘特快洗衣程序 / 特大機門設計','6KG洗衣量 / 每分鐘1000轉脫水轉速 / 雨灑式洗衣系統 / 歐洲製造 / 原廠1年保用','W600 x H850 x D560 mm','HK $3450.00','20150228062015833918.jpg','http://www.dch-ead.com/chinese/household/main_fme.php?page=ABOUT'),(252,'Zanussi ZWQ570SO',10,28,'2015-01-01','2015-01-01','ZWQ570SO',0,'平背設計 / 油壓式避震 / 油壓式輕柔桶門 / 30分鐘特快洗衣程序','6KG洗衣量 / 每分鐘700轉脫水轉速 / 輕護手洗衣物程序 / 雨灑式洗衣系統 / 衣物防皺系統 / 法國製造 / 原廠1年保用','W400 x H850 x D600 mm','HK $3190.00','20150228062622534113.jpg','http://www.dch-ead.com/chinese/household/main_fme.php?page=ABOUT'),(253,'Zanussi ZWQ580SO',10,28,'2015-01-01','2015-01-01','ZWQ580SO',0,'平背設計 / 油壓式避震 / 油壓式輕柔桶門 / 30分鐘特快洗衣程序','6KG洗衣量 / 每分鐘800轉脫水轉速 / 輕護手洗衣物程序 / 雨灑式洗衣系統 / 衣物防皺系統 / 法國製造 / 原廠1年保用','W400 x H850 x D600 mm','HK $3590.00','20150228062806943912.jpg','http://www.dch-ead.com/chinese/household/main_fme.php?page=ABOUT'),(254,'Zanussi ZWQ590SO',10,28,'2015-01-01','2015-01-01','ZWQ590SO',0,'平背設計 / 油壓式避震 / 油壓式輕柔桶門 / 30分鐘特快洗衣程序','6KG洗衣量 / 每分鐘900轉脫水轉速 / 輕護手洗衣物程序 / 雨灑式洗衣系統 / 衣物防皺系統 / 法國製造 / 原廠1年保用','W400 x H850 x D600 mm','HK $3790.00','20150228063011549854.jpg','http://www.dch-ead.com/chinese/household/main_fme.php?page=ABOUT'),(255,'Zanussi ZWQ7100SO',10,28,'2015-01-01','2015-01-01','ZWQ7100SO',0,'平背設計 / 油壓式避震 / 油壓式輕柔桶門 / 30分鐘特快洗衣程序','6KG洗衣量 / 每分鐘1000轉脫水轉速 / 輕護手洗衣物程序 / 雨灑式洗衣系統 / 衣物防皺系統 / 法國製造 / 原廠1年保用','W400 x H850 x D600 mm','HK $4190.00','20150228063149207190.jpg','http://www.dch-ead.com/chinese/household/main_fme.php?page=ABOUT'),(256,'Zanussi ZWS568',10,28,'2015-01-01','2015-01-01','ZWS568',0,'平背設計 / 油壓式避震 / 30分鐘特快洗衣程序 / 特大機門設計','6KG洗衣量 / 每分鐘600轉脫水轉速 / 雨灑式洗衣系統 / 衣物防皺系統 / 意大利製造 / 原廠1年保用','W600 x H850 x D450 mm','HK $3790.00','20150228063635881087.jpg','http://www.dch-ead.com/chinese/household/main_fme.php?page=ABOUT'),(257,'Zanussi ZWS588',10,28,'2015-01-01','2015-01-01','ZWS588',0,'平背設計 / 油壓式避震 / 30分鐘特快洗衣程序 / 特大機門設計','6KG洗衣量 / 每分鐘800轉脫水轉速 / 雨灑式洗衣系統 / 衣物防皺系統 / 意大利製造 / 原廠1年保用','W600 x H850 x D450 mm','HK $3880.00','20150228063744734199.jpg','http://www.dch-ead.com/chinese/household/main_fme.php?page=ABOUT'),(258,'Zanussi ZWS5108',10,28,'2015-01-01','2015-01-01','ZWS5108',0,'平背設計 / 油壓式避震 / 30分鐘特快洗衣程序 / 特大機門設計','6KG洗衣量 / 每分鐘1000轉脫水轉速 / 雨灑式洗衣系統 / 衣物防皺系統 / 意大利製造 / 原廠1年保用','W600 x H850 x D450 mm','HK $4050.00','20150228063850823822.jpg','http://www.dch-ead.com/chinese/household/main_fme.php?page=ABOUT'),(259,'Zanussi ZWH6125',10,28,'2015-01-01','2015-01-01','ZWH6125',0,'平背設計 / 油壓式避震 / 30分鐘特快洗衣程序 / 特大機門設計','7KG洗衣量 / 每分鐘1200轉脫水轉速 / 雨灑式洗衣系統 / 衣物防皺系統 / 意大利製造 / 原廠1年保用','W600 x H850 x D630 mm','HK $5390.00','20150228072219919011.jpg','http://www.dch-ead.com/chinese/household/main_fme.php?page=ABOUT'),(260,'Zanussi ZWN7120L',10,28,'2015-01-01','2015-01-01','ZWN7120L',0,'平背設計 / 油壓式避震 / 30分鐘特快洗衣程序 / 特大機門設計','8KG洗衣量 / 每分鐘1200轉脫水轉速 / 雨灑式洗衣系統 / 衣物防皺系統 / 意大利製造 / 原廠1年保用','W600 x H850 x D630 mm','HK $5390.00','20150228072356954148.jpg','http://www.dch-ead.com/chinese/household/main_fme.php?page=ABOUT'),(261,'Zanussi ZWJ14591W',10,28,'2015-01-01','2015-01-01','ZWJ14591W',0,'平背設計 / 油壓式避震 / 30分鐘特快洗衣程序 / 特大機門設計','8KG洗衣量 / 每分鐘1400轉脫水轉速 / 雨灑式洗衣系統 / 衣物防皺系統 / 意大利製造 / 原廠1年保用','W600 x H850 x D630 mm','HK $6790.00','20150228072519626760.jpg','http://www.dch-ead.com/chinese/household/main_fme.php?page=ABOUT'),(262,'Zanussi TD892N',10,28,'2015-01-01','2015-01-01','TD892N',0,'上置式控制板 / 排氣式乾衣機','3KG乾衣量 / 熱量調校 / 120分鐘乾衣時間掣 / 冷卻防皺過程 / 英國製造 / 原廠1年保用','W500 x H680 x D470 mm','HK $2590.00','20150228074511161818.jpg','http://www.dch-ead.com/chinese/household/main_fme.php?page=ABOUT'),(263,'Zanussi TD896N',10,28,'2015-01-01','2015-01-01','TD896N',0,'下置式控制板 / 排氣式乾衣機','3KG乾衣量 / 熱量調校 / 120分鐘乾衣時間掣 / 冷卻防皺過程 / 英國製造 / 原廠1年保用','W500 x H680 x D470 mm','HK $2950.00','20150228074642968965.jpg','http://www.dch-ead.com/chinese/household/main_fme.php?page=ABOUT'),(264,'Zanussi ZTB271',10,28,'2015-01-01','2015-01-01','ZTB271',0,'電子感應自動乾衣 / 排氣式乾衣機','7KG乾衣量 / 熱量調校 / 4種乾衣組別選擇 / 不銹鋼乾衣鼓 / 冷卻防皺過程 / 歐洲製造 / 原廠1年保用','W600 x H850 x D580 mm','HK $3950.00','20150228075312445902.jpg','http://www.dch-ead.com/chinese/household/main_fme.php?page=ABOUT'),(265,'Zanussi ZTE171',10,28,'2015-01-01','2015-01-01','ZTE171',0,'電子感應自動乾衣 / 冷凝式乾衣機','7KG乾衣量 / 熱量調校 / 4種乾衣組別選擇 / 迴旋式乾衣 / 冷卻防皺過程 / 歐洲製造 / 原廠1年保用','W600 x H850 x D580 mm','HK $4290.00','20150228075528318437.jpg','http://www.dch-ead.com/chinese/household/main_fme.php?page=ABOUT'),(266,'Whirlpool AWE6085D',10,19,'2015-01-01','2015-01-01','AWE6085D',0,'上置滾桶式洗衣機 / 第6感智能感應 / 15分鐘速洗','6KG洗衣量 / 每分鐘850轉脫水轉速 / 4+2 SilentPro筒型壓力避震系統 / 8層防銹防蝕塗層 / 滾桶還原裝置 / 歐洲製造 / 原廠1年保用','W400 x H850 x D605 mm','HK $3390.00','20150228080239765856.jpg','https://www.whirlpool.com.hk/product/detail/AWE6085D'),(267,'Whirlpool AWE6080N',10,19,'2015-01-01','2015-01-01','AWE6080N',0,'上置滾桶式洗衣機 / 第6感智能感應 / 15分鐘速洗','6KG洗衣量 / 每分鐘800轉脫水轉速 / 4+2 SilentPro筒型壓力避震系統 / 8層防銹防蝕塗層 / 滾桶還原裝置 / 歐洲製造 / 原廠1年保用','W400 x H850 x D605 mm','HK $3190.00','20150228080518941833.jpg','https://www.whirlpool.com.hk/product/detail/AWE6080N'),(268,'Whirlpool AWE6100N',10,19,'2015-01-01','2015-01-01','AWE6100N',0,'上置滾桶式洗衣機 / 第6感智能感應 / 15分鐘速洗','6KG洗衣量 / 每分鐘1000轉脫水轉速 / 4+2 SilentPro筒型壓力避震系統 / 8層防銹防蝕塗層 / 滾桶還原裝置 / 歐洲製造 / 原廠1年保用','W400 x H850 x D605 mm','HK $3150.00','20150228083458050873.jpg','https://www.whirlpool.com.hk/product/detail/AWE6100N'),(269,'Whirlpool AWE6100D',10,19,'2015-01-01','2015-01-01','AWE6100D',0,'上置滾桶式洗衣機 / 第6感智能感應 / 15分鐘速洗','6KG洗衣量 / 每分鐘1000轉脫水轉速 / 4+2 SilentPro筒型壓力避震系統 / 8層防銹防蝕塗層 / 滾桶還原裝置 / 歐洲製造 / 原廠1年保用','W400 x H850 x D605 mm','HK $3590.00','20150228083722609838.jpg','https://www.whirlpool.com.hk/product/detail/AWE6100D'),(270,'Whirlpool AWE6120D',10,19,'2015-01-01','2015-01-01','AWE6120D',0,'上置滾桶式洗衣機 / 第6感智能護色感應及護色15°程序 / 擊浪滾桶搖擺技術','6.5KG洗衣量 / 每分鐘1200轉脫水轉速 / 4+2 SilentPro筒型壓力避震系統 / 8層防銹防蝕塗層 / 滾桶還原裝置 / 歐洲製造 / 原廠1年保用 / 10年ZEN直驅變頻馬達保養','W400 x H850 x D605 mm','HK $4950.00','20150228084106558727.jpg','https://www.whirlpool.com.hk/product/detail/AWE6120D'),(271,'Whirlpool AWE6585D',10,19,'2015-01-01','2015-01-01','AWE6585D',0,'上置滾桶式洗衣機 / 第6感智能護色感應及護色15°程序 / 擊浪滾桶搖擺技術','6.5KG洗衣量 / 每分鐘850轉脫水轉速 / 4+2 SilentPro筒型壓力避震系統 / 髒污小幫手 / 歐洲製造 / 原廠1年保用','W400 x H850 x D605 mm','HK $3450.00','20150301065127913165.jpg','https://www.whirlpool.com.hk/product/detail/AWE6585D'),(272,'Whirlpool AWE6595D',10,19,'2015-01-01','2015-01-01','AWE6595D',0,'上置滾桶式洗衣機 / 第6感智能護色感應及護色15°程序 / 擊浪滾桶搖擺技術','6.5KG洗衣量 / 每分鐘950轉脫水轉速 / 4+2 SilentPro筒型壓力避震系統 / 髒污小幫手 / 歐洲製造 / 原廠1年保用','W400 x H850 x D605 mm','HK $3590.00','20150301065246272691.jpg','https://www.whirlpool.com.hk/product/detail/AWE6595D'),(273,'Whirlpool AWE6510D',10,19,'2015-01-01','2015-01-01','AWE6510D',0,'上置滾桶式洗衣機 / 第6感智能護色感應及護色15°程序 / 擊浪滾桶搖擺技術','6.5KG洗衣量 / 每分鐘1000轉脫水轉速 / 4+2 SilentPro筒型壓力避震系統 / 髒污小幫手 / 歐洲製造 / 原廠1年保用','W400 x H850 x D605 mm','HK $3650.00','20150301065353445895.jpg','https://www.whirlpool.com.hk/product/detail/AWE6510D'),(274,'Whirlpool CARE7080N',10,19,'2015-01-01','2015-01-01','CARE7080N',0,'前置滾桶式洗衣機 / 第六感細緻科技360°全面呵護衣物纖維及保存顏色 / 創新水咕o臣擊浪滾桶','7KG洗衣量 / 每分鐘800轉脫水轉速 / SilentPro 筒型壓力避震系統 / 嶄新∞形衣物均衡器 / 衣物防皺系統 / 意大利製造 / 原廠1年保用','W595 x H842 x D565 mm','HK $3320.00','20150301070323695188.jpg','https://www.whirlpool.com.hk/product/detail/CARE7080N'),(275,'Whirlpool CARE7100D',10,19,'2015-01-01','2015-01-01','CARE7100D',0,'前置滾桶式洗衣機 / 第六感細緻科技360°全面呵護衣物纖維及保存顏色 / 創新水咕o臣擊浪滾桶','7KG洗衣量 / 每分鐘1000轉脫水轉速 / SilentPro 筒型壓力避震系統 / 嶄新∞形衣物均衡器 / 衣物防皺系統 / 意大利製造 / 原廠1年保用','W595 x H842 x D565 mm','HK $3950.00','20150301070839706784.jpg','https://www.whirlpool.com.hk/product/detail/CARE7100N'),(276,'Whirlpool CARE8100D',10,19,'2015-01-01','2015-01-01','CARE8100D',0,'前置滾桶式洗衣機 / 第六感細緻科技360°全面呵護衣物纖維及保存顏色 / 創新水咕o臣擊浪滾桶','8KG洗衣量 / 每分鐘1000轉脫水轉速 / SilentPro 筒型壓力避震系統 / 嶄新∞形衣物均衡器 / 衣物防皺系統 / 意大利製造 / 原廠1年保用','W595 x H842 x D565 mm','HK $4050.00','20150301071058701891.jpg','https://www.whirlpool.com.hk/product/detail/CARE8100D'),(277,'Whirlpool CARE8120B',10,19,'2015-01-01','2015-01-01','CARE8120B',0,'前置滾桶式洗衣機 / 第六感細緻科技360°全面呵護衣物纖維及保存顏色 / 創新水咕o臣擊浪滾桶','8KG洗衣量 / 每分鐘1200轉脫水轉速 / SilentPro 筒型壓力避震系統 / 嶄新∞形衣物均衡器 / 衣物防皺系統 / 意大利製造 / 原廠1年保用 / 10年ZEN永磁無刷變頻馬達保養','W595 x H842 x D565 mm','HK $4850.00','20150301071707205916.jpg','https://www.whirlpool.com.hk/product/detail/CARE8120B'),(278,'Whirlpool CARE9140B',10,19,'2015-01-01','2015-01-01','CARE9140B',0,'前置滾桶式洗衣機 / 第六感細緻科技360°全面呵護衣物纖維及保存顏色 / 創新水咕o臣擊浪滾桶 / 升級版擊浪滾桶搖擺技術','9KG洗衣量 / 每分鐘1400轉脫水轉速 / SilentPro 筒型壓力避震系統 / 嶄新∞形衣物均衡器 / 高壓噴射淨泡 / 意大利製造 / 原廠1年保用 / 10年ZEN永磁無刷變頻馬達保養','W598 x H840 x D600 mm','HK $5890.00','20150301071937659317.jpg','https://www.whirlpool.com.hk/product/detail/CARE9140B'),(279,'Whirlpool CARE7080D',10,19,'2015-01-01','2015-01-01','CARE7080D',0,'前置滾桶式洗衣機 / 第六感細緻科技360°全面呵護衣物纖維及保存顏色 / 創新水咕o臣擊浪滾桶','7KG洗衣量 / 每分鐘800轉脫水轉速 / SilentPro 筒型壓力避震系統 / 嶄新∞形衣物均衡器 / 衣物防皺系統 / 意大利製造 / 原廠1年保用','W595 x H842 x D565 mm','HK $3590.00','20150301072123497874.jpg','https://www.whirlpool.com.hk/product/detail/CARE7080D'),(280,'Whirlpool AWO56085',10,19,'2015-01-01','2015-01-01','AWO56085',0,'纖薄前置滾桶式洗衣機 / 第6感智能感應科技識別衣物重量 / 自動調節洗衣程序','6KG洗衣量 / 每分鐘850轉脫水轉速 / SilentPro 筒型壓力避震系統 / 30分鐘速洗 / 60分鐘日日洗 / 95°C 抗菌程序 / 輕柔脫水 / 中國製造 / 原廠1年保用','W595 x H840 x D430 mm','HK $2950.00','20150301072703812493.jpg','https://www.whirlpool.com.hk/product/detail/AWO56085'),(281,'Whirlpool AWO56100',10,19,'2015-01-01','2015-01-01','AWO56100',0,'纖薄前置滾桶式洗衣機 / 第6感智能感應科技識別衣物重量 / 自動調節洗衣程序','6KG洗衣量 / 每分鐘1000轉脫水轉速 / SilentPro 筒型壓力避震系統 / 17分鐘極速洗 / 60分鐘日日洗 / 中途加減衣物 / 三重抗菌防霉設計 / 中國製造 / 原廠1年保用','W595 x H840 x D430 mm','HK $3180.00','20150301073012445734.jpg','https://www.whirlpool.com.hk/product/detail/AWO56100'),(282,'Whirlpool AWO75080',10,19,'2015-01-01','2015-01-01','AWO75080',0,'前置滾桶式洗衣機 / 第6感智能感應科技識別衣物重量 / 自動調節洗衣程序','7.5KG洗衣量 / 每分鐘800轉脫水轉速 / SilentPro 筒型壓力避震系統 / 30分鐘速洗 / 60分鐘日日洗 / 95°C 抗菌程序 / 輕柔脫水 / 中國製造 / 原廠1年保用','W595 x H840 x D570 mm','HK $3150.00','20150301073255708444.jpg','https://www.whirlpool.com.hk/product/detail/AWO75080'),(283,'Whirlpool AWO75100',10,19,'2015-01-01','2015-01-01','AWO75100',0,'前置滾桶式洗衣機 / 第6感智能感應科技識別衣物重量 / 自動調節洗衣程序','7.5KG洗衣量 / 每分鐘1000轉脫水轉速 / SilentPro 筒型壓力避震系統 / 17分鐘極速洗 / 60分鐘日日洗 / 中途加減衣物 / 三重抗菌防霉設計 / 中國製造 / 原廠1年保用','W595 x H840 x D570 mm','HK $3490.00','20150301073715847304.jpg','https://www.whirlpool.com.hk/product/detail/AWO75100'),(284,'Whirlpool AWO75101',10,19,'2015-01-01','2015-01-01','AWO75101',0,'前置滾桶式洗衣機 / 第6感智能感應科技識別衣物重量 / 自動調節洗衣程序','7.5KG洗衣量 / 每分鐘1000轉脫水轉速 / SilentPro 筒型壓力避震系統 / 30分鐘速洗 / 60分鐘日日洗 / 95°C 抗菌程序 / 輕柔脫水 / 中國製造 / 原廠1年保用','W595 x H840 x D570 mm','HK $3350.00','20150301074134726583.jpg','https://www.whirlpool.com.hk/product/detail/AWO75101'),(285,'Whirlpool AWO75120',10,19,'2015-01-01','2015-01-01','AWO75120',0,'前置滾桶式洗衣機 / 第6感智能感應科技識別衣物重量 / 自動調節洗衣程序 / 「您想」記憶程序','6KG洗衣量 / 每分鐘1000轉脫水轉速 / SilentPro 筒型壓力避震系統 / 17分鐘極速洗 / 60分鐘日日洗 / 中途加減衣物 / 三重抗菌防霉設計 / 中國製造 / 原廠1年保用','W595 x H840 x D570 mm','HK $3990.00','20150301074444960038.jpg','https://www.whirlpool.com.hk/product/detail/AWO75120'),(286,'Whirlpool AWOE57100',10,19,'2015-01-01','2015-01-01','AWOE57100',0,'纖薄前置滾桶式洗衣機 / 第6感智能感應科技識別衣物重量 / 自動調節洗衣程序 / α-Clean 無摺技術滾桶','7KG洗衣量 / 每分鐘1000轉脫水轉速 / SilentPro 筒型壓力避震系統 / 15分鐘極速洗 / 60分鐘日日洗 / 滾桶防皺清新 / 寧靜洗程序 / 中國製造 / 原廠1年保用','W595 x H840 x D475mm','HK $3690.00','20150302083122362854.jpg','https://www.whirlpool.com.hk/product/detail/AWOE57100'),(287,'Whirlpool AWOE57120',10,19,'2015-01-01','2015-01-01','AWOE57120',0,'纖薄前置滾桶式洗衣機 / 第6感智能感應科技識別衣物重量 / 自動調節洗衣程序 / α-Clean 無摺技術滾桶','7KG洗衣量 / 每分鐘1200轉脫水轉速 / SilentPro 筒型壓力避震系統 / 15分鐘極速洗 / 60分鐘日日洗 / 滾桶防皺清新 / 寧靜洗程序 / 中國製造 / 原廠1年保用','W595 x H840 x D475mm','HK $3990.00','20150302083343794246.jpg','https://www.whirlpool.com.hk/product/detail/AWOE57120'),(288,'Whirlpool AWF6412S',10,19,'2015-01-01','2015-01-01','AWF6412S',0,'纖薄前置滾桶式二合一洗衣乾衣機 / 4KG洗衣乾衣同時操作 / 靈活洗衣時間 ','6KG洗衣量 / 4KG乾衣量 / 每分鐘1200轉脫水轉速 / 30分鐘速洗 / 乾衣時間掣:120分鐘 / 除污洗衣功能 / 深層過水 / 意大利製造 / 原廠1年保用','W600 x H840 x D475 mm','HK $4580.00','20150302084932056904.jpg','https://www.whirlpool.com.hk/product/detail/awf6412s_1'),(289,'Whirlpool AWF96140',10,19,'2015-01-01','2015-01-01','AWF96140',0,'前置滾桶式二合一洗衣乾衣機 / 6KG洗衣乾衣同時操作 / 靈活洗衣時間 / 歐洲IEC AAA 卓越效能級別','9KG洗衣量 / 6KG乾衣量 / 每分鐘1400轉脫水轉速 / 30分鐘速洗 / 乾衣時間掣:120分鐘 / 除污洗衣功能 / 深層過水 / 意大利製造 / 原廠1年保用','W600 x H840 x D605 mm','HK $6550.00','20150302085349669672.jpg','https://www.whirlpool.com.hk/product/detail/awf96140_1'),(290,'Whirlpool AWF74140',10,19,'2015-01-01','2015-01-01','AWF74140',0,'前置滾桶式二合一洗衣乾衣機 / 4KG洗衣乾衣同時操作 / 靈活洗衣時間','7KG洗衣量 / 4KG乾衣量 / 每分鐘1400轉脫水轉速 / 30分鐘速洗 / 乾衣時間掣:120分鐘 / 除污洗衣功能 / 深層過水 / 意大利製造 / 原廠1年保用','W595 x H846 x D553 mm','HK $5980.00','20150302085920486036.jpg','https://www.whirlpool.com.hk/product/detail/awf74140_1'),(291,'Whirlpool JS600C',10,19,'2015-01-01','2015-01-01','JS600C',0,'水漩動淨葉輪式洗衣機 / 四重水漩動力 / 體積小容量大','6KG洗衣量 / 每分鐘730轉脫水轉速 / 巧思智能控制 / 雙水位強力洗 / 中國製造 / 原廠1年保用','W511 x H504 x D913 mm','HK $1890.00','20150303080449529922.jpg','https://www.whirlpool.com.hk/product/detail/JS600C'),(292,'Whirlpool JS600CP',10,19,'2015-01-01','2015-01-01','JS600CP',0,'水漩動淨葉輪式洗衣機 / 高排水位 / 四重水漩動力 / 體積小容量大','6KG洗衣量 / 每分鐘730轉脫水轉速 / 巧思智能控制 / 雙水位強力洗 / 中國製造 / 原廠1年保用','W511 x H504 x D913 mm','HK $1890.00','20150303080816286694.jpg','https://www.whirlpool.com.hk/product/detail/JS600CP'),(293,'Whirlpool BS700C',10,19,'2015-01-01','2015-01-01','BS700C',0,'水漩動淨葉輪式洗衣機 / 四重水漩動力 / 體積小容量大','7KG洗衣量 / 每分鐘730轉脫水轉速 / 巧思智能控制 / 雙水位強力洗 / 中國製造 / 原廠1年保用','W537 x H546 x D920 mm','HK $2050.00','20150306112903655901.jpg','https://www.whirlpool.com.hk/product/detail/BS700C'),(294,'Whirlpool BS700CP',10,19,'2015-01-01','2015-01-01','BS700CP',0,'水漩動淨葉輪式洗衣機 / 高排水位 / 四重水漩動力 / 體積小容量大','7KG洗衣量 / 每分鐘730轉脫水轉速 / 巧思智能控制 / 雙水位強力洗 / 中國製造 / 原廠1年保用','W537 x H546 x D920 mm','HK $2220.00','20150306113009474046.jpg','https://www.whirlpool.com.hk/product/detail/BS700CP'),(295,'Whirlpool NS850',10,19,'2015-01-01','2015-01-01','NS850',0,'葉輪式洗衣機 / 第六感智能感應 / 7層防銹塗層 / ZEN靜淨運轉技術','8.5KG洗衣量 / 每分鐘900轉脫水轉速 / 巧思智能控制 / 雙水位強力洗 / 中國製造 / 10年ZEN 直驅變頻馬達保養 / 原廠1年保用','W640 x H575 x D1030 mm','HK $3360.00','20150306113537110306.jpg','https://www.whirlpool.com.hk/product/detail/NS850'),(296,'Whirlpool AWG367',10,19,'2015-01-01','2015-01-01','AWG367',0,'排氣式乾衣機 / 反向旋轉乾衣系統 / 間歇防皺旋轉','3KG乾衣量 / 智能感應系統/ 2種乾衣程序 / 英國製造 / 原廠1年保用','W500 x H660 x D570 mm','HK $2490.00','20150306114749653898.jpg','https://www.whirlpool.com.hk/product/detail/AWG367'),(297,'Whirlpool AWG788',10,19,'2015-01-01','2015-01-01','AWG788',0,'排氣式乾衣機 / 反向旋轉乾衣系統 / 可選擇左,右門較','7KG乾衣量 / 6 種乾衣程序 / 英國製造 / 原廠1年保用','W595 x H850 x D630 mm','HK $3290.00','20150306115033650727.jpg','https://www.whirlpool.com.hk/product/detail/AWG788'),(298,'Whirlpool AZB7671',10,19,'2015-01-01','2015-01-01','AZB7671',0,'冷凝式乾衣機 / 第六感乾衣系統 / 懸浮避震系統操作寧靜','7KG乾衣量 / 12小時間歇防皺旋轉容量 / 30分鐘冷風乾衣 / 延長乾衣時間 / 反向旋轉乾衣系統 / 法國製造 / 原廠1年保用','W598 x H855 x D620 mm','HK $4990.00','20150306120114449846.jpg','https://www.whirlpool.com.hk/product/detail/AZB7671'),(299,'Whirlpool AZB9781',10,19,'2015-01-01','2015-01-01','AZB9781',0,'冷凝式乾衣機 / 第六感乾衣系統 / 懸浮避震系統操作寧靜','9KG乾衣量 / 12小時間歇防皺旋轉容量 / 30分鐘冷風乾衣 / 3段自選乾衣程度 / 延長乾衣時間 / 反向旋轉乾衣系統 / 法國製造 / 原廠1年保用','W598 x H855 x D620 mm','HK $5690.00','20150306120311982721.jpg','https://www.whirlpool.com.hk/product/detail/AZB9781'),(300,'Hitachi AJ-S55PX',10,14,'2015-01-01','2015-01-01','AJ-S55PX',0,'日式全自動系列 / 潔漩BEAT WAVE波浪型葉輪 / Air Jet 乾衣功能','5.5KG洗衣量 / 1.5KG Air Jet 乾衣量 / 每分鐘850轉脫水轉速 / 6或9小時預校時間制 / 迴旋滲透功能 / 噴灑沖洗 / 原廠2年保用','W500 x H965 x D508 mm','HK $2250.00','20150309081059767693.jpg','http://www.hitachi-hk.com.hk/tc/products/index_id_1871.html'),(301,'Hitachi AJ-S55PXP',10,14,'2015-01-01','2015-01-01','AJ-S55PXP',0,'日式全自動系列 / 高去水位排水泵 / 潔漩BEAT WAVE波浪型葉輪 / Air Jet 乾衣功能','5.5KG洗衣量 / 1.5KG Air Jet 乾衣量 / 每分鐘850轉脫水轉速 / 6或9小時預校時間制 / 迴旋滲透功能 / 噴灑沖洗 / 原廠2年保用','W500 x H965 x D508 mm','HK $2450.00','20150309081404718899.jpg','http://www.hitachi-hk.com.hk/tc/products/index_id_1872.html'),(302,'Hitachi AJ-S65MX',10,14,'2015-01-01','2015-01-01','AJ-S65MX',0,'日式全自動系列 / 潔漩BEAT WAVE波浪型葉輪 / Air Jet 乾衣功能 / 翼流 Triple Jet','6.5KG洗衣量 / 2KG Air Jet 乾衣量 / 每分鐘850轉脫水轉速 / 待機零耗電 / 6或9小時預校時間制 / 迴旋滲透功能 / 噴灑沖洗 / 原廠2年保用','W530 x H1020 x D540 mm','HK $2190.00','20150309084839450856.jpg','http://www.hitachi-hk.com.hk/tc/products/index_id_1873.html'),(303,'Hitachi AJ-S65MXP',10,14,'2015-01-01','2015-01-01','AJ-S65MXP',0,'日式全自動系列 / 高去水位排水泵 / 潔漩BEAT WAVE波浪型葉輪 / Air Jet 乾衣功能 / 翼流 Triple Jet','6.5KG洗衣量 / 2KG Air Jet 乾衣量 / 每分鐘850轉脫水轉速 / 待機零耗電 / 6或9小時預校時間制 / 迴旋滲透功能 / 噴灑沖洗 / 原廠2年保用','W530 x H1020 x D540 mm','HK $2360.00','20150309084951025867.jpg','http://www.hitachi-hk.com.hk/tc/products/index_id_1798.html'),(304,'Hitachi AJ-S75MX',10,14,'2015-01-01','2015-01-01','AJ-S75MX',0,'日式全自動系列 / 潔漩BEAT WAVE波浪型葉輪 / Air Jet 乾衣功能 / 翼流 Triple Jet','7.5KG洗衣量 / 2KG Air Jet 乾衣量 / 每分鐘850轉脫水轉速 / 待機零耗電 / 6或9小時預校時間制 / 迴旋滲透功能 / 噴灑沖洗 / 原廠2年保用','W530 x H1020 x D540 mm','HK $2450.00','20150309085133773942.jpg','http://www.hitachi-hk.com.hk/tc/products/index_id_1797.html'),(305,'Hitachi AJ-S75MXP',10,14,'2015-01-01','2015-01-01','AJ-S75MXP',0,'日式全自動系列 / 高去水位排水泵 / 潔漩BEAT WAVE波浪型葉輪 / Air Jet 乾衣功能 / 翼流 Triple Jet','7.5KG洗衣量 / 2KG Air Jet 乾衣量 / 每分鐘850轉脫水轉速 / 待機零耗電 / 6或9小時預校時間制 / 迴旋滲透功能 / 噴灑沖洗 / 原廠2年保用','W530 x H1020 x D540 mm','HK $2550.00','20150309085306252629.jpg','http://www.hitachi-hk.com.hk/tc/products/index_id_1796.html'),(306,'Hitachi AJ-S75MXP',10,14,'2015-01-01','2015-01-01','AJ-S75MXP',0,'日式全自動系列 / 高去水位排水泵 / 潔漩BEAT WAVE波浪型葉輪 / Air Jet 乾衣功能 / 翼流 Triple Jet','7.5KG洗衣量 / 2KG Air Jet 乾衣量 / 每分鐘850轉脫水轉速 / 待機零耗電 / 6或9小時預校時間制 / 迴旋滲透功能 / 噴灑沖洗 / 原廠2年保用','W530 x H1020 x D540 mm','HK $2550.00','20150309085509178510.jpg','http://www.hitachi-hk.com.hk/tc/products/index_id_1796.html'),(307,'Hitachi AJ-S60TX',10,14,'2015-01-01','2015-01-01','AJ-S60TX',0,'日式全自動系列 / 潔漩BEAT WAVE波浪型葉輪 / Air Jet 乾衣功能','6KG洗衣量 / 1.5KG Air Jet 乾衣量 / 每分鐘850轉脫水轉速 / 6或9小時預校時間制 / 廣闊滲透水流 / 迴旋滲透功能 / 噴灑沖洗 / 原廠2年保用','W500 x H965 x D508 mm','HK $2050.00','20150309085950469929.jpg','http://www.hitachi-hk.com.hk/tc/products/index_id_1978.html'),(308,'Hitachi AJ-S60TXP',10,14,'2015-01-01','2015-01-01','AJ-S60TXP',0,'日式全自動系列 / 高去水位排水泵 / 潔漩BEAT WAVE波浪型葉輪 / Air Jet 乾衣功能','6KG洗衣量 / 1.5KG Air Jet 乾衣量 / 每分鐘850轉脫水轉速 / 6或9小時預校時間制 / 廣闊滲透水流 / 迴旋滲透功能 / 噴灑沖洗 / 原廠2年保用','W500 x H965 x D508 mm','HK $2250.00','20150309090048241815.jpg','http://www.hitachi-hk.com.hk/tc/products/index_id_1979.html'),(309,'Hitachi AJ-S70TX',10,14,'2015-01-01','2015-01-01','AJ-S70TX',0,'日式全自動系列 / 潔漩BEAT WAVE波浪型葉輪 / Air Jet 乾衣功能','7KG洗衣量 / 2KG Air Jet 乾衣量 / 每分鐘850轉脫水轉速 / 6或9小時預校時間制 / 廣闊滲透水流 / 迴旋滲透功能 / 噴灑沖洗 / 原廠2年保用','W530 x H1020 x D540 mm','HK $2190.00','20150309090317898852.jpg','http://www.hitachi-hk.com.hk/tc/products/index_id_1988.html'),(310,'Hitachi AJ-S70TXP',10,14,'2015-01-01','2015-01-01','AJ-S70TXP',0,'日式全自動系列 / 高去水位排水泵 / 潔漩BEAT WAVE波浪型葉輪 / Air Jet 乾衣功能','7KG洗衣量 / 2KG Air Jet 乾衣量 / 每分鐘850轉脫水轉速 / 6或9小時預校時間制 / 廣闊滲透水流 / 迴旋滲透功能 / 噴灑沖洗 / 原廠2年保用','W530 x H1020 x D540 mm','HK $2390.00','20150309090513104814.jpg','http://www.hitachi-hk.com.hk/tc/products/index_id_1987.html'),(311,'Hitachi AJ-S75TX',10,14,'2015-01-01','2015-01-01','AJ-S75TX',0,'日式全自動系列 / 潔漩BEAT WAVE波浪型葉輪 / Air Jet 乾衣功能','7.5KG洗衣量 / 2KG Air Jet 乾衣量 / 每分鐘850轉脫水轉速 / 6或9小時預校時間制 / 廣闊滲透水流 / 迴旋滲透功能 / 噴灑沖洗 / 原廠2年保用','W530 x H1020 x D540 mm','HK $2390.00','20150309090654589804.jpg','http://www.hitachi-hk.com.hk/tc/products/index_id_1986.html'),(312,'Hitachi AJ-S75TXP',10,14,'2015-01-01','2015-01-01','AJ-S75TXP',0,'日式全自動系列 / 高去水位排水泵 / 潔漩BEAT WAVE波浪型葉輪 / Air Jet 乾衣功能','7.5KG洗衣量 / 2KG Air Jet 乾衣量 / 每分鐘850轉脫水轉速 / 6或9小時預校時間制 / 廣闊滲透水流 / 迴旋滲透功能 / 噴灑沖洗 / 原廠2年保用','W530 x H1020 x D540 mm','HK $2590.00','20150309090831521899.jpg','http://www.hitachi-hk.com.hk/tc/products/index_id_1985.html'),(313,'Hitachi AJ-S80MX',10,14,'2015-01-01','2015-01-01','AJ-S80MX',0,'日式全自動系列 / 潔漩BEAT WAVE波浪型葉輪 / Air Jet 乾衣功能 / 翼流 Triple Jet','8KG洗衣量 / 2KG Air Jet 乾衣量 / 每分鐘900轉脫水轉速 / 可調控脫水轉速 / 6或9小時預校時間制 / 廣闊滲透水流 / 迴旋滲透功能 / 噴灑沖洗 / 原廠2年保用','W570 x H1000 x D590 mm','HK $3200.00','20150309091255205810.jpg','http://www.hitachi-hk.com.hk/tc/products/index_id_1799.html'),(314,'Hitachi PS-65JJ',10,14,'2015-01-01','2015-01-01','PS-65JJ',0,'日式雙槽半自動系列 / 特大容量脫水槽 / Super Jet 漩流功能','6KG洗衣量 / 每分鐘1450轉脫水轉速 / 4個水位調節 / 納米鈦空氣過濾網 / 控制面板防塵蓋 / 原廠1年保用','W771 x H913 x D455 mm','HK $1790.00','20150309091716774003.jpg','http://www.hitachi-hk.com.hk/tc/products/index_id_1718.html'),(315,'Hitachi PS-140MJ',10,14,'2015-01-01','2015-01-01','PS-140MJ',0,'日式雙槽半自動系列 / Air Jet 乾衣功能 / Beat Blade葉輪 / SLSS 微電腦控制雙安全系統','14KG洗衣量 / 12KG Air Jet乾衣量 / 每分鐘1300轉脫水轉速 / 3個水位調節 / 衣領及袖口專屬洗衣板 / 原廠1年保用','W975 x H1128 x D571 mm','HK $3050.00','20150309091958063692.jpg','http://www.hitachi-hk.com.hk/tc/products/index_id_1787.html'),(317,'Samsung WA60H4000SW/SH',10,7,'2015-01-01','2015-01-01','WA60H4000SW/SH',0,'獨特設計鑽石形排水孔 / Double Storm 波輪 / 採用強化玻璃門抵禦一定程度的磨損','6KG洗衣量 / 每分鐘700轉脫水轉速 / 瀑布式出水 / 6 種洗衣程序 / 快思邏輯系統 / 原廠1年保用','W540 x H860 x D560 mm','HK $1990.00','20150311072605203402.jpg','http://www.samsung.com/hk/consumer/appliances/washers/top-loader/WA60H4000SW/SH'),(318,'Samsung WA60H4200SW/SH',10,7,'2015-01-01','2015-01-01','WA60H4200SW/SH',0,'獨特設計鑽石形排水孔 / 搖搖淨技術 / Wobble 波輪 / 採用強化玻璃門抵禦一定程度的磨損','6KG洗衣量 / 每分鐘700轉脫水轉速 / 瀑布式出水 / 6 種洗衣程序 / 快思邏輯系統 / 原廠1年保用','W540 x H860 x D560 mm','HK $2150.00','20150311073212546811.jpg','http://www.samsung.com/hk/consumer/appliances/washers/top-loader/WA60H4200SW/SH'),(319,'Samsung WA70H4000SG/SH',10,7,'2015-01-01','2015-01-01','WA70H4000SG/SH',0,'獨特設計鑽石形排水孔 / Double Storm 波輪 / 採用強化玻璃門抵禦一定程度的磨損','7KG洗衣量 / 每分鐘700轉脫水轉速 / 瀑布式出水 / 6 種洗衣程序 / 快思邏輯系統 / 原廠1年保用','W540 x H850 x D560 mm','HK $2250.00','20150311073458750782.jpg','http://www.samsung.com/hk/consumer/appliances/washers/top-loader/WA70H4000SG/SH'),(320,'Samsung WA70H4200SG/SH',10,7,'2015-01-01','2015-01-01','WA70H4200SG/SH',0,'獨特設計鑽石形排水孔 / 搖搖淨技術 / Wobble 波輪 / 採用強化玻璃門抵禦一定程度的磨損','7KG洗衣量 / 每分鐘700轉脫水轉速 / 瀑布式出水 / 6 種洗衣程序 / 快思邏輯系統 / 原廠1年保用','W540 x H850 x D560 mm','HK $2550.00','20150311073606392987.jpg','http://www.samsung.com/hk/consumer/appliances/washers/top-loader/WA70H4200SG/SH'),(321,'Samsung WA90G9IEC',10,7,'2015-01-01','2015-01-01','WA90G9IEC',0,'獨特設計鑽石形排水孔 / Eco Storm 波輪 / 雙風暴迴轉盤 / 採用強化玻璃門抵禦一定程度的磨損','7KG洗衣量 / 每分鐘720轉脫水轉速 / 過水脫水洗衣程序 / 風乾功能 / 電子快思邏輯系統 / 原廠1年保用','W540 x H904 x D580 mm','HK $2150.00','20150311081254781996.jpg','http://www.samsung.com/hk/consumer/appliances/washers/top-loader/WA90G9IEC/XSH'),(322,'Samsung WF602U2BWKQ',10,7,'2015-01-01','2015-01-01','WF602U2BWKQ',0,'獨特設計鑽石形滾桶 / Samsung My Cycle 記憶模式 / 智能變頻摩打 / 泡泡淨技術','6KG洗衣量 / 每分鐘1200轉脫水轉速 / 電腦智能控制 / 預校關機時間 / 過熱保護 / 15分鐘快速清洗 / 原廠1年保用 / 10年智能變頻摩打保養','W600 x H850 x D530 mm','HK $3650.00','20150311084641110059.jpg','http://www.samsung.com/hk/consumer/appliances/washers/front-loader/WF602U2BKWQ/SH'),(323,'Samsung WF702U2BBKQ/SH',10,7,'2015-01-01','2015-01-01','WF702U2BBKQ/SH',0,'獨特設計鑽石形滾桶 / Samsung My Cycle 記憶模式 / 智能變頻摩打 / 泡泡淨技術','7KG洗衣量 / 每分鐘1200轉脫水轉速 / 電腦智能控制 / 預校關機時間 / 過熱保護 / 15分鐘快速清洗 / 原廠1年保用 / 10年智能變頻摩打保養','W600 x H850 x D530 mm','','20150311084824308461.jpg','http://www.samsung.com/hk/consumer/appliances/washers/front-loader/WF702U2BBWQ/SH'),(324,'Samsung WF702WKE/XSH',10,7,'2015-01-01','2015-01-01','WF702WKE/XSH',0,'獨特設計鑽石形滾桶 / Samsung PureCycle™環保技術 / 陶瓷發熱器 / 雙重陶瓷塗層','7KG洗衣量 / 每分鐘1200轉脫水轉速 / 15分鐘快速清洗 / 延遲啟動 / 記憶程序 / 原廠1年保用','W598 x H846 x D450 mm','HK $3650.00','20150311085255017359.jpg','http://www.samsung.com/hk/consumer/appliances/washers/front-loader/WF0702WKE/XSH'),(325,'Samsung WF9700N5W/XSH',10,7,'2015-01-01','2015-01-01','WF9700N5W/XSH',0,'獨特設計鑽石形滾桶 / 特大洗衣門設計 / 陶瓷發熱器 / 雙重陶瓷塗層','7KG洗衣量 / 每分鐘1000轉脫水轉速 / 防溢技術防止滲漏 / 15分鐘快速清洗 / 延遲啟動 / 記憶程序 / 原廠1年保用','W598 x H846 x D610 mm','HK $3180.00','20150311085543126892.jpg','http://www.samsung.com/hk/consumer/appliances/washers/front-loader/WF9700N5W/XSH'),(326,'Samsung WF1802XEC/XSH',10,7,'2015-01-01','2015-01-01','WF1802XEC/XSH',0,'機身纖薄設計 / 獨特設計鑽石形滾桶 / Samsung VRT Plus™減少噪音及震動 / 陶瓷發熱器 / 雙重陶瓷塗層 / 智能變頻摩打 / 泡泡淨技術','8KG洗衣量 / 每分鐘1200轉脫水轉速 / 電腦智能控制 / 緩震系統 / 記憶模式 / 15分鐘快速清洗 / 原廠1年保用 / 10年智能變頻摩打保養','W600 x H850 x D450 mm','HK $4450.00','20150311090018945913.jpg','http://www.samsung.com/hk/consumer/appliances/washers/front-loader/WF1802XEC/XSH'),(327,'Samsung WD0704RQQ/XSH',10,7,'2015-01-01','2015-01-01','WD0704RQQ/XSH',0,'獨特設計鑽石形滾桶 / 特大洗衣門設計 / 陶瓷發熱器 / 雙重陶瓷塗層','7KG洗衣量 / 每分鐘1400轉脫水轉速 / 寧靜運作系統 / 防溢技術防止滲漏 / 免洗熱風清新功能 / 原廠1年保用','W598 x H846 x D610 mm','HK $4450.00','20150311090740547096.jpg','http://www.samsung.com/hk/consumer/appliances/washers/front-loader/WD0704RQQ/XSH'),(328,'LG WF-N1006MW',10,9,'2015-01-01','2015-01-01','WF-N1006MW',0,'妙手6重洗 / 智能感應 / 洗衣量感應 / 直驅式變頻摩打','6KG洗衣量 / 每分鐘1000轉脫水轉速 / 30分鐘速洗 / 3-19小時預洗時間 / 零電量備用系統 / 原廠1年保用 / 直驅式變頻摩打10年保養','W600 x H850 x D440 mm','HK $3190.00','20150313075952781141.jpg','http://www.lg.com/hk/washing-machines/lg-WF-N1006MW'),(329,'LG WF-N1007MW',10,9,'2015-01-01','2015-01-01','WF-N1007MW',0,'妙手6重洗 / 智能感應 / 洗衣量感應 / 直驅式變頻摩打','7KG洗衣量 / 每分鐘1000轉脫水轉速 / 30分鐘速洗 / 3-19小時預洗時間 / 零電量備用系統 / 原廠1年保用 / 直驅式變頻摩打10年保養','W600 x H850 x D550 mm','HK $3480.00','20150313080249093926.jpg','http://www.lg.com/hk/washing-machines/lg-WF-N1007MW'),(330,'LG WF-N1208MW',10,9,'2015-01-01','2015-01-01','WF-N1208MW',0,'妙手6重洗 / 智能感應 / 洗衣量感應 / 直驅式變頻摩打','8KG洗衣量 / 每分鐘1200轉脫水轉速 / 30分鐘速洗 / 3-19小時預洗時間 / 零電量備用系統 / 原廠1年保用 / 直驅式變頻摩打10年保養','W600 x H850 x D550 mm','HK $3880.00','20150313080618978140.jpg','http://www.lg.com/hk/washing-machines/lg-WF-N1208MW'),(331,'TCL L50F2800F 50\" FHD LED TV',5,10,'2015-01-01','2015-01-01','L50F2800F',1,'內置數碼廣播接收器 , USB 多媒體播放','1920x1080 / 2x HDMI / USB x1','W1136 x H734 x D284 mm','HK$ 4380.00','20150314075516577634.jpg','http://multimedia.tcl.com/hk/product/info.do?method=findContent&mappingName=landing'),(332,'LG WF-N1408MW',10,9,'2015-01-01','2015-01-01','WF-N1408MW',0,'妙手6重洗 / 智能感應 / 洗衣量感應 / 直驅式變頻摩打','8KG洗衣量 / 每分鐘1400轉脫水轉速 / 30分鐘速洗 / 3-19小時預洗時間 / 零電量備用系統 / 原廠1年保用 / 直驅式變頻摩打10年保養','W600 x H850 x D550 mm','HK $4280.00','20150314080826933931.jpg','http://www.lg.com/hk/washing-machines/lg-WF-N1408MW'),(333,'LG WF-ST1408PS',10,9,'2015-01-01','2015-01-01','WF-ST1408PS',0,'蒸氣功能 / 妙手6重洗 / 智能感應 / 洗衣量感應 / 直驅式變頻摩打','8KG洗衣量 / 每分鐘1400轉脫水轉速 / 30分鐘速洗 / 3-19小時預洗時間 / 零電量備用系統 / 原廠1年保用 / 直驅式變頻摩打10年保養','W600 x H850 x D590 mm','HK $5350.00','20150314083831121958.jpg','http://www.lg.com/hk/washing-machines/lg-WF-ST1408PS'),(334,'LG WF-C1206PW',10,9,'2015-01-01','2015-01-01','WF-C1206PW',0,'妙手6重洗 / 智能乾衣 / 智能感應 / 洗衣量感應 / 直驅式變頻摩打','6KG洗衣量 / 3KG乾衣量 / 每分鐘1200轉脫水轉速 / 30分鐘速洗 / 3-19小時預洗時間 / 零電量備用系統 / 原廠1年保用 / 直驅式變頻摩打10年保養','W600 x H850 x D450 mm','HK $4390.00','20150314110920445854.jpg','http://www.lg.com/hk/washing-machines/lg-WF-C1206PW'),(335,'LG WF-CN1408MW',10,9,'2015-01-01','2015-01-01','WF-CN1408MW',0,'妙手6重洗 / 智能乾衣 / 智能感應 / 洗衣量感應 / 直驅式變頻摩打','8KG洗衣量 / 4KG乾衣量 / 每分鐘1400轉脫水轉速 / 30分鐘速洗 / 3-19小時預洗時間 / 零電量備用系統 / 原廠1年保用 / 直驅式變頻摩打10年保養','W600 x H850 x D550 mm','HK $4990.00','20150314111123865900.jpg','http://www.lg.com/hk/washing-machines/lg-WF-CN1408MW'),(336,'LG WF-D90PW',10,9,'2015-01-01','2015-01-01','WF-D90PW',0,'冷凝式乾衣機 / 智能乾衣 / 快速乾衣','9KG乾衣量 / 預設乾衣時間 / 滾筒燈光功能 / 3-19小時預洗時間 / 零電量備用系統 / 韓國製造 / 原廠1年保用','W600 x H850 x D590 mm','HK $4880.00','20150314111753661901.jpg','http://www.lg.com/hk/dryers/lg-WF-D90PW'),(337,'LG WT-70PS',10,9,'2015-01-01','2015-01-01','WT-70PS',0,'頂揭式洗衣機 / 妙手6重洗 / 智能感應 / 洗衣量感應 / 直驅式變頻摩打','7KG洗衣量 / 噴射沖洗 / 寜靜模式 / 快洗模式 / 3-19小時預洗時間 / 零電量備用系統 / 原廠1年保用 / 直驅式變頻摩打10年保養','W540 x H935 x D540 mm','HK $2950.00','20150314112130809828.jpg','http://www.lg.com/hk/washing-machines/lg-WT-70PS'),(338,'LG WT-80PV',10,9,'2015-01-01','2015-01-01','WT-80PV',0,'頂揭式洗衣機 / 妙手6重洗 / 智能感應 / 洗衣量感應 / 直驅式變頻摩打','8KG洗衣量 / 噴射沖洗 / 寜靜模式 / 快洗模式 / 3-48小時預洗時間 / 零電量備用系統 / 原廠1年保用 / 直驅式變頻摩打10年保養','W540 x H935 x D540 mm','HK $3180.00','20150314112259365964.jpg','http://www.lg.com/hk/washing-machines/lg-WT-80PV'),(339,'LG LD106FRD0',17,9,'2015-01-01','2015-01-01','LD106FRD0',0,' 抽濕量 : 18.7L / 盛水器容量 : 4L','低噪音 (36分貝) / 快速乾衣模式 / 快速乾鞋模式 / 空氣清新模式 / 韓國製造 / 原廠1年保用','W361 x H558 x D287 mm','HK $2850.00','20150316094436619812.jpg','http://www.lg.com/hk/dehumidifiers/lg-LD106FRD0'),(340,'LG LD136FGD0',17,9,'2015-01-01','2015-01-01','LD136FGD0',0,'抽濕量 : 20.6L / 盛水器容量 : 4L','低噪音 (36分貝) / 快速乾衣模式 / 快速乾鞋模式 / 空氣清新模式 / 韓國製造 / 原廠1年保用','W361 x H558 x D287 mm','HK $3250.00','20150316094643542681.jpg','http://www.lg.com/hk/dehumidifiers/lg-LD136FGD0'),(341,'CARRIER DC-22DA',17,26,'2015-01-01','2015-01-01','DC-22DA',0,'抽濕量 : 22L / 盛水器容量 : 5.8L','四合一淨味抗菌過濾網 / 智能乾衣模式 / 持續釋放負離子 / 多角度自動搖擺送風 / 原廠1年保用','W410 x H591 x D274 mm','HK $1790.00','20150316095122685106.jpg','http://www.century-carrier.com/chinese/productDetailWeb.do?productId=500'),(342,'CARRIER DC-26DA',17,26,'2015-01-01','2015-01-01','DC-26DA',0,'抽濕量 : 26L / 盛水器容量 : 5.8L','四合一淨味抗菌過濾網 / 智能乾衣模式 / 持續釋放負離子 / 多角度自動搖擺送風 / 原廠1年保用','W410 x H591 x D274 mm','HK $1990.00','20150316101613841818.jpg','http://www.century-carrier.com/chinese/productDetailWeb.do?productId=501'),(343,'Hitachi RD-155EX',17,14,'2015-01-01','2015-01-01','RD-155EX',0,'抽濕量 : 15.5L / 盛水器容量 : 3.8L','三重潔淨系統 / 富思電腦感應特快抽濕功能 / 防結露功能 / 自動乾衣功能 / 自動搖擺風向板 / 原廠2年保用','W375 x H565 x D198 mm','HK $2790.00','20150317062847827800.jpg','http://www.hitachi-hk.com.hk/tc/products/index_id_1757.html'),(344,'Hitachi RD-90XR',17,14,'2015-01-01','2015-01-01','RD-90XR',0,'抽濕量 : 8.8L / 盛水器容量 : 2.5L','輕便機身設計 / 三向抽濕 / 連續抽濕 / 旋轉式壓縮器 / 自動除霜功能 / 原廠2年保用','W160 x H445 x D355 mm','HK $1590.00','20150317063623763741.jpg','http://www.hitachi-hk.com.hk/tc/products/index_id_1795.html'),(345,'Hitachi RD-210EX',17,14,'2015-01-01','2015-01-01','RD-210EX',0,'抽濕量 : 21L / 盛水器容量 : 5.5cL','三重潔淨系統 / 富思電腦感應特快抽濕功能 / 防結露功能 / 自動乾衣功能 / 自動搖擺風向板 / 原廠2年保用','W360 x H620 x D265 mm','HK $3290.00','20150317065107714271.jpg','http://www.hitachi-hk.com.hk/tc/products/index_id_1758.html'),(346,'Sharp DW-D12A',17,12,'2015-01-01','2015-01-01','DW-D12A',0,'抽濕量 : 12L / 盛水器容量 : 4L','內置HD離子產生器高濃度PCI / 自動除濕 / 自動搖擺送風板 / 原廠1年保用','W314 x H527 x D225 mm','HK $2390.00','20150317065558181622.jpg','http://www.sharp.com.hk/html/tch/products/productSpec?product_id=705&category_id=13'),(347,'Sharp DW-D20A',17,12,'2015-01-01','2015-01-01','DW-D20A',0,'抽濕量 : 20L / 盛水器容量 : 4.2L','內置HD離子產生器高濃度PCI / 自動除濕 / 自動搖擺送風板 / 原廠1年保用','W374 x H620 x D250 mm','HK $2990.00','20150317065903225356.jpg','http://www.sharp.com.hk/html/tch/products/productSpec?product_id=704&category_id=13'),(348,'Sharp DW-E16FA-W',17,12,'2015-01-01','2015-01-01','DW-E16FA-W',0,'抽濕量 : 16L / 盛水器容量 : 3L','高濃度PCI / HEPA過濾網 / 180° 送風 / 自動除濕 / 自動搖擺送風板 / 原廠1年保用','W360 x H565 x D260 mm','HK $3380.00','20150317071158177901.jpg','http://www.sharp.com.hk/html/tch/products/productSpec?product_id=744&category_id=13'),(349,'Whirlpool SS160',17,19,'2015-01-01','2015-01-01','SS160',0,'抽濕量 : 16L / 盛水器容量 : 4.5L','纖巧設計 / 自動除霜功能 / 負離子淨化裝置 / 二合一活性碳除臭過濾網 / 原廠1年保用','W387 x H172 x D517 mm','HK $2100.00','20150317071545250190.jpg','https://www.whirlpool.com.hk/product/detail/ss160_1'),(350,'Whirlpool SS226',17,19,'2015-01-01','2015-01-01','SS226',0,'抽濕量 : 20L / 盛水器容量 : 4.5L','纖巧設計 / 150°廣角送風 / IP21 防水滴功能 / 自動除霜功能  / 負離子淨化裝置 / 三合一兒茶素活性碳除臭過濾網 / 原廠1年保用','W387 x H172 x D574 mm','HK $2550.00','20150317072152825165.jpg','https://www.whirlpool.com.hk/product/detail/ss226'),(351,'Whirlpool SS229',17,19,'2015-01-01','2015-01-01','SS229',0,'抽濕量 : 20L / 盛水器容量 : 4.5L','第6感智醒眼 / 纖巧設計 / 150°廣角送風 / IP21 防水滴功能 / 自動除霜功能 / 負離子淨化裝置 / 三合一兒茶素活性碳除臭過濾網 / 原廠1年保用','W387 x H172 x D574 mm','HK $3190.00','20150317072344995229.jpg','https://www.whirlpool.com.hk/product/detail/ss229'),(352,'Whirlpool SS319',17,19,'2015-01-01','2015-01-01','SS319',0,'抽濕量 : 32L / 盛水器容量 : 9L','三合一多功能壓縮式 / 自動除霜功能 / 可清洗前置納米銀濾網 / 二合一活性碳除臭過濾網 / 原廠1年保用','W381 x H328 x D625 mm','HK $3290.00','20150317072638865820.jpg','https://www.whirlpool.com.hk/product/detail/ss319_1'),(353,'Whirlpool SS289',17,19,'2015-01-01','2015-01-01','SS289',0,'抽濕量 : 24L / 盛水器容量 : 5.5L','三合一多功能壓縮式 / 自動除霜功能 / IP21 防水滴設計 / 二合一活性碳除臭過濾網 / 原廠1年保用','W220 x H420 x D600 mm','HK $3090.00','20150317074231569875.jpg','https://www.whirlpool.com.hk/product/detail/ss289'),(354,'Mitsubishi MJ-E82GH-H',17,37,'2015-01-01','2015-01-01','MJ-E82GH-H',0,'抽濕量 : 14L / 盛水器容量 : 3.8L','MOVE EYE 智能乾衣 / 銀離子濾網 / 獨立空氣淨化功能 / 自動除霜功能 / 天然香草抗氧化功能 / 日本製造 / 原廠1年保用','W384 x H570 x D187 mm','HK $3400.00','20150317074757089822.jpg','http://www.mitsubishi-ryoden.com.hk/chi/products/detail.php?cat=1&type=2&model=265'),(355,'Mitsubishi MJ-E85EF-H',17,37,'2015-01-01','2015-01-01','MJ-E85EF-H',0,'抽濕量 : 14.5L / 盛水器容量 : 3L','MOVE EYE 智能乾衣 / 銀離子濾網 / 獨立空氣淨化功能 / 自動除霜功能 / 天然香草抗氧化功能 / 日本製造 / 原廠1年保用','W360 x H534 x D210 mm','HK $3390.00','20150317075022570981.jpg','http://www.mitsubishi-ryoden.com.hk/chi/products/detail.php?cat=1&type=2&model=264'),(356,'Mitsubishi MJ-E130AF-H',17,37,'2015-01-01','2015-01-01','MJ-E130AF-H',0,'抽濕量 : 22.5L / 盛水器容量 : 4.7L','智能乾衣 / 銀離子濾網 / 獨立空氣淨化功能 / 自動除霜功能 / 多角度送風選擇 / 日本製造 / 原廠1年保用','W372 x H594 x D281 mm','HK $3780.00','20150317075322549876.jpg','http://www.mitsubishi-ryoden.com.hk/chi/products/detail.php?cat=1&type=2&model=266'),(357,'Mitsubishi MJ-E152AF-H',17,37,'2015-01-01','2015-01-01','MJ-E152AF-H',0,'抽濕量 : 25L / 盛水器容量 : 4.7L','智能乾衣 / 銀離子濾網 / 獨立空氣淨化功能 / 自動除霜功能 / 多角度送風選擇 / 日本製造 / 原廠1年保用','W372 x H594 x D281 mm','HK $4230.00','20150317075646620879.jpg','http://www.mitsubishi-ryoden.com.hk/chi/products/detail.php?cat=1&type=2&model=267'),(358,'Mitsubishi MJ-E82CF-H',17,37,'2015-01-01','2015-01-01','MJ-E82CF-H',0,'抽濕量 : 14L / 盛水器容量 : 3.8L','智能乾衣 / 銀離子濾網 / 獨立空氣淨化功能 / 自動除霜功能 / 天然香草抗氧化功能 / 日本製造 / 原廠1年保用','W384 x H570 x D187 mm','HK $3230.00','20150317075905760104.jpg','http://www.mitsubishi-ryoden.com.hk/chi/products/detail.php?cat=1&type=2&model=265'),(359,'Toshiba RAD-CP100H',17,11,'2015-01-01','2015-01-01','RAD-CP100H',0,'抽濕量 : 15.6L / 盛水器容量 : 3L','抗菌過濾網 / 除臭過濾網 / 多角度送風 / 左右擺葉 / 自動除霜功能 / 原廠1年保用','W365 x H555 x D205 mm','HK $2490.00','20150317080227401825.jpg','http://www.toshiba.com.hk/tch/products/detailproductWeb?productid=289#.VQfe6NKUeSo'),(360,'OLEVIA SB-33 SoundBar with Built-in Subwoofer',7,6,'2015-03-18','2015-03-18','SB-33',1,'超強輸出 10W x2 *30W @ 10%THD ，內置低音輸出 (可另接駁 Subwoofer )','輸入端子 : AUX / OPTICAL / 3.5mm Line in / FM ','798*99*95mm','HK $999.00  (特價: HK $599.00)','20150319084649462029.jpg','http://www.olevia.com.hk'),(361,'Whirlpool W05RX',11,19,'2015-01-01','2015-01-01','W05RX',0,'單門直冷雪櫃 / 一級強制性能源標籤','淨容量 : 43公升 / 冷藏室淨容量 : 43公升 / 原廠5年保用','W440 x H510 x D470 mm','HK$ 1080.00','20150325075121482554.jpg','https://www.whirlpool.com.hk/product/detail/w05rx_1#'),(362,'Whirlpool W05LX',11,19,'2015-01-01','2015-01-01','W05LX',0,'單門直冷雪櫃 / 一級強制性能源標籤','淨容量 : 43公升 / 冷藏室淨容量 : 43公升 / 原廠5年保用','W440 x H510 x D470 mm','HK$ 1250.00','20150325075245421960.jpg','https://www.whirlpool.com.hk/product/detail/w05rx_1#'),(363,'Whirlpool W07RX',11,19,'2015-01-01','2015-01-01','W07RX',0,'單門直冷雪櫃 / 一級強制性能源標籤','淨容量 : 66公升 / 冷藏室淨容量 : 66公升 / 原廠5年保用','W440 x H640 x D510 mm','HK$ 1250.00','20150325075448675093.jpg','https://www.whirlpool.com.hk/product/detail/w07_1'),(364,'Whirlpool W07LX',11,19,'2015-01-01','2015-01-01','W07LX',0,'單門直冷雪櫃 / 一級強制性能源標籤','淨容量 : 66公升 / 冷藏室淨容量 : 66公升 / 原廠5年保用','W440 x H640 x D510 mm','HK$ 1380.00','20150325075551741789.jpg','https://www.whirlpool.com.hk/product/detail/w07_1'),(365,'Whirlpool W12LIX',11,19,'2015-01-01','2015-01-01','W12LIX',0,'單門直冷雪櫃 / 一級強制性能源標籤 ','淨容量 : 112公升 / 冷藏室淨容量 : 112公升 / 櫃內照明燈 / 強化玻璃盛物架 / 原廠5年保用','W500 x H840 x D560 mm','HK$ 1650.00','20150325075954161798.jpg','https://www.whirlpool.com.hk/product/detail/w12rix_1'),(366,'Whirlpool W12RIX',11,19,'2015-01-01','2015-01-01','W12RIX',0,'單門直冷雪櫃 / 一級強制性能源標籤','淨容量 : 112公升 / 冷藏室淨容量 : 112公升 / 櫃內照明燈 / 強化玻璃盛物架 / 原廠5年保用','W500 x H840 x D560 mm','HK$ 1480.00','20150325080115029817.jpg','https://www.whirlpool.com.hk/product/detail/w12rix_1'),(367,'Whirlpool WF138RXG',11,19,'2015-01-01','2015-01-01','WF138RXG',0,'雙門雪櫃 / 一級強制性能源標籤 / 4 星冷凍級數 / 多向送風系統','淨容量 : 121公升 / 冷藏室淨容量 : 93公升 / 急凍室淨容量 : 28公升 / 蔬果保鮮室 / 強化玻璃盛物架 / 原廠5年保用','W504 x H1125 x D564 mm','HK$ 1880.00','20150325080911334171.jpg','https://www.whirlpool.com.hk/product/detail/wf138_1'),(368,'Whirlpool WF138LXG',11,19,'2015-01-01','2015-01-01','WF138LXG',0,'雙門雪櫃 / 一級強制性能源標籤 / 4 星冷凍級數 / 多向送風系統','淨容量 : 121公升 / 冷藏室淨容量 : 93公升 / 急凍室淨容量 : 28公升 / 蔬果保鮮室 / 強化玻璃盛物架 / 原廠5年保用','W504 x H1125 x D564 mm','HK$ 1890.00','20150325081305750746.jpg','https://www.whirlpool.com.hk/product/detail/wf138_1'),(369,'Whirlpool WF178RCG',11,19,'2015-01-01','2015-01-01','WF178RCG',0,'雙門雪櫃 / 一級強制性能源標籤 / 4 星冷凍級數 / 多向送風系統 / MAGICLEAN除味脫臭系統','淨容量 : 168公升 / 冷藏室淨容量 : 126公升 / 急凍室淨容量 : 42公升 / 蔬果保鮮室 / 強化玻璃盛物架 / 原廠5年保用','W494 x H1394 x D577 mm','HK$ 2150.00','20150325081839438714.jpg','https://www.whirlpool.com.hk/product/detail/wf178_1'),(370,'Whirlpool WF178LCG',11,19,'2015-01-01','2015-01-01','WF178LCG',0,'雙門雪櫃 / 一級強制性能源標籤 / 4 星冷凍級數 / 多向送風系統 / MAGICLEAN除味脫臭系統','淨容量 : 168公升 / 冷藏室淨容量 : 126公升 / 急凍室淨容量 : 42公升 / 蔬果保鮮室 / 強化玻璃盛物架 / 原廠5年保用','W494 x H1394 x D577 mm','HK$ 2280.00','20150325082012730063.jpg','https://www.whirlpool.com.hk/product/detail/wf178_1'),(371,'Whirlpool WF198RCG',11,19,'2015-01-01','2015-01-01','WF198RCG',0,'雙門雪櫃 / 一級強制性能源標籤 / 4 星冷凍級數 / 多向送風系統 / MAGICLEAN除味脫臭系統','淨容量 : 188公升 / 冷藏室淨容量 : 141公升 / 急凍室淨容量 : 47公升 / 蔬果保鮮室 / 強化玻璃盛物架 / 原廠5年保用','W524 x H1480 x D584 mm','HK$ 2280.00','20150325082459846827.jpg','https://www.whirlpool.com.hk/product/detail/wf198_1'),(372,'Whirlpool WF198LCG',11,19,'2015-01-01','2015-01-01','WF198LCG',0,'雙門雪櫃 / 一級強制性能源標籤 / 4 星冷凍級數 / 多向送風系統 / MAGICLEAN除味脫臭系統','淨容量 : 188公升 / 冷藏室淨容量 : 141公升 / 急凍室淨容量 : 47公升 / 蔬果保鮮室 / 強化玻璃盛物架 / 原廠5年保用','W524 x H1480 x D584 mm','HK$ 2450.00','20150325082705261663.jpg','https://www.whirlpool.com.hk/product/detail/wf198_1'),(373,'Whirlpool WF228RIX',11,19,'2015-01-01','2015-01-01','WF228RIX',0,'雙門雪櫃 / 一級強制性能源標籤 / 4 星冷凍級數 / 多層送風系統','淨容量 : 206公升 / 冷藏室淨容量 : 162公升 / 急凍室淨容量 : 44公升 / 蔬果保鮮室 / 強化玻璃盛物架 / 原廠5年保用','W554 x H1440 x D578 mm','HK$ 2450.00','20150325082914781888.jpg','https://www.whirlpool.com.hk/product/detail/wf228_1'),(374,'Whirlpool WF228LIX',11,19,'2015-01-01','2015-01-01','WF228LIX',0,'雙門雪櫃 / 一級強制性能源標籤 / 4 星冷凍級數 / 多層送風系統','淨容量 : 206公升 / 冷藏室淨容量 : 162公升 / 急凍室淨容量 : 44公升 / 蔬果保鮮室 / 強化玻璃盛物架 / 原廠5年保用','W554 x H1440 x D578 mm','HK$ 2680.00','20150325083118900971.jpg','https://www.whirlpool.com.hk/product/detail/wf228_1'),(375,'Whirlpool WF258RIX',11,19,'2015-01-01','2015-01-01','WF258RIX',0,'雙門雪櫃 / 一級強制性能源標籤 / 4 星冷凍級數 / 多層送風系統','淨容量 : 255公升 / 冷藏室淨容量 : 197公升 / 急凍室淨容量 : 58公升 / 蔬果保鮮室 / 強化玻璃盛物架 / 原廠5年保用','W554 x H1687 x D578 mm','HK$ 2680.00','20150325084635819683.jpg','https://www.whirlpool.com.hk/product/detail/wf258_1'),(376,'Whirlpool WF258LIX',11,19,'2015-01-01','2015-01-01','WF258LIX',0,'雙門雪櫃 / 一級強制性能源標籤 / 4 星冷凍級數 / 多層送風系統','淨容量 : 255公升 / 冷藏室淨容量 : 197公升 / 急凍室淨容量 : 58公升 / 蔬果保鮮室 / 強化玻璃盛物架 / 原廠5年保用','W554 x H1687 x D578 mm','HK$ 2800.00','20150326064649771794.jpg','https://www.whirlpool.com.hk/product/detail/wf258_1'),(377,'Whirlpool WF368RIX',11,19,'2015-01-01','2015-01-01','WF368RIX',0,'雙門雪櫃 / 一級強制性能源標籤 / 4 星冷凍級數 / 多層送風系統','淨容量 : 310公升 / 冷藏室淨容量 : 237公升 / 急凍室淨容量 : 73公升 / 蔬果保鮮室 / 強化玻璃盛物架 / 原廠5年保用','W594 x H1690 x D638 mm','HK$ 3290.00','20150326064915879331.jpg','https://www.whirlpool.com.hk/product/detail/wf368_1'),(378,'Whirlpool WF368LIX',11,19,'2015-01-01','2015-01-01','WF368LIX',0,'雙門雪櫃 / 一級強制性能源標籤 / 4 星冷凍級數 / 多層送風系統','淨容量 : 310公升 / 冷藏室淨容量 : 237公升 / 急凍室淨容量 : 73公升 / 蔬果保鮮室 / 強化玻璃盛物架 / 原廠5年保用','W594 x H1690 x D638 mm','HK$ 3450.00','20150326065021577857.jpg','https://www.whirlpool.com.hk/product/detail/wf368_1'),(379,'Whirlpool WB180RIX',11,19,'2015-01-01','2015-01-01','WB180RIX',0,'上置式冷藏室雙門雪櫃 / 一級強制性能源標籤 / 4 星冷凍級數 / 多層送風系統','淨容量 : 161公升 / 冷藏室淨容量 : 115公升 / 急凍室淨容量 : 46公升 / 蔬果保鮮室 / 強化玻璃盛物架 / 原廠5年保用','W554 x H1440 x D569 mm','HK$ 2380.00','20150326065511691159.jpg','https://www.whirlpool.com.hk/product/detail/wb180_1'),(380,'Whirlpool WB180LIX',11,19,'2015-01-01','2015-01-01','WB180LIX',0,'上置式冷藏室雙門雪櫃 / 一級強制性能源標籤 / 4 星冷凍級數 / 多層送風系統','淨容量 : 161公升 / 冷藏室淨容量 : 115公升 / 急凍室淨容量 : 46公升 / 蔬果保鮮室 / 強化玻璃盛物架 / 原廠5年保用','W554 x H1440 x D569 mm','HK$ 2480.00','20150326065640321916.jpg','https://www.whirlpool.com.hk/product/detail/wb180_1'),(381,'Whirlpool WB250RIX',11,19,'2015-01-01','2015-01-01','WB250RIX',0,'上置式冷藏室雙門雪櫃 / 一級強制性能源標籤 / 4 星冷凍級數 / 多層送風系統','淨容量 : 224公升 / 冷藏室淨容量 : 165公升 / 急凍室淨容量 : 59公升 / 蔬果保鮮室 / 強化玻璃盛物架 / 原廠5年保用','W554 x H1687 x D569 mm','HK$ 2800.00','20150326070102427443.jpg','https://www.whirlpool.com.hk/product/detail/wb250_1'),(382,'Whirlpool WB250LIX',11,19,'2015-01-01','2015-01-01','WB250LIX',0,'上置式冷藏室雙門雪櫃 / 一級強制性能源標籤 / 4 星冷凍級數 / 多層送風系統','淨容量 : 224公升 / 冷藏室淨容量 : 165公升 / 急凍室淨容量 : 59公升 / 蔬果保鮮室 / 強化玻璃盛物架 / 原廠5年保用','W554 x H1687 x D569 mm','HK$ 2980.00','20150326070201845866.jpg','https://www.whirlpool.com.hk/product/detail/wb250_1'),(383,'Whirlpool WB380RSS',11,19,'2015-01-01','2015-01-01','WB380RSS',0,'上置式冷藏室雙門雪櫃 / 一級強制性能源標籤 / 4 星冷凍級數 / 多向送風系統 / Cloud Fresh鉑金納米除味脫臭系統','淨容量 : 326公升 / 冷藏室淨容量 : 232公升 / 急凍室淨容量 : 94公升 / 蔬果保鮮室 / 強化玻璃盛物架 / 假日模式 / 快速冷凍急凍功能 / 原廠5年保用','W600 x H1913 x D660 mm','HK$ 4150.00','20150326071056902620.jpg','https://www.whirlpool.com.hk/product/detail/wb380_1'),(384,'Whirlpool WB380LSS',11,19,'2015-01-01','2015-01-01','WB380LSS',0,'上置式冷藏室雙門雪櫃 / 一級強制性能源標籤 / 4 星冷凍級數 / 多向送風系統 / Cloud Fresh鉑金納米除味脫臭系統','淨容量 : 326公升 / 冷藏室淨容量 : 232公升 / 急凍室淨容量 : 94公升 / 蔬果保鮮室 / 強化玻璃盛物架 / 假日模式 / 快速冷凍急凍功能 / 原廠5年保用','W600 x H1913 x D660 mm','HK$ 4250.00','20150326071217961918.jpg','https://www.whirlpool.com.hk/product/detail/wb380_1'),(385,'Whirlpool WC286RSS',11,19,'2015-01-01','2015-01-01','WC286RSS',0,'三門雪櫃系列 / 一級強制性能源標籤 / 4 星冷凍級數 / 多向送風系統 / Cloud Fresh鉑金納米除味脫臭系統','淨容量 : 279公升 / 冷藏室淨容量 : 185公升 / 急凍室淨容量 : 55公升 / 變溫室淨容量 : 39公升 / 蔬果保鮮室 / 強化玻璃盛物架 / 假日模式 / 快速冷凍急凍功能 / 原廠5年保用','W600 x H1860 x D663 mm','HK$ 4480.00','20150326071630297254.jpg','https://www.whirlpool.com.hk/product/detail/wc286_1'),(386,'Whirlpool WC286LSS',11,19,'2015-01-01','2015-01-01','WC286LSS',0,'三門雪櫃系列 / 一級強制性能源標籤 / 4 星冷凍級數 / 多向送風系統 / Cloud Fresh鉑金納米除味脫臭系統','淨容量 : 279公升 / 冷藏室淨容量 : 185公升 / 急凍室淨容量 : 55公升 / 變溫室淨容量 : 39公升 / 蔬果保鮮室 / 強化玻璃盛物架 / 假日模式 / 快速冷凍急凍功能 / 原廠5年保用','W600 x H1860 x D663 mm','HK$ 4680.00','20150326071751515297.jpg','https://www.whirlpool.com.hk/product/detail/wc286_1'),(387,'Sharp SJ-BR13D',11,12,'2015-01-01','2015-01-01','SJ-BR13D',0,'雙向門雪櫃系列 / 一級能源效益 / 頂部冷藏室設計 / 蜂巢型除臭器','淨容量 : 122公升 / 冷藏室淨容量 : 90公升 / 冷凍室淨容量 : 32公升 / 強化玻璃透明托盤 / 無霜風扇冷卻系統 / 原廠5年保用','W480 x H1127 x D590 mm','HK$ 1990.00','20150326080029597286.jpg','http://www.sharp.com.hk/html/tch/products/productSpec?product_id=732&category_id=11');
/*!40000 ALTER TABLE `product` ENABLE KEYS */;
UNLOCK TABLES;

--
-- Table structure for table `product_brand`
--

DROP TABLE IF EXISTS `product_brand`;
/*!40101 SET @saved_cs_client     = @@character_set_client */;
/*!40101 SET character_set_client = utf8 */;
CREATE TABLE `product_brand` (
  `id` int(11) NOT NULL AUTO_INCREMENT,
  `title` varchar(255) NOT NULL,
  `sort` date NOT NULL,
  `image` varchar(30) NOT NULL,
  PRIMARY KEY (`id`),
  KEY `title` (`title`)
) ENGINE=InnoDB AUTO_INCREMENT=38 DEFAULT CHARSET=utf8;
/*!40101 SET character_set_client = @saved_cs_client */;

--
-- Dumping data for table `product_brand`
--

LOCK TABLES `product_brand` WRITE;
/*!40000 ALTER TABLE `product_brand` DISABLE KEYS */;
INSERT INTO `product_brand` VALUES (5,'VDIGI','2014-12-15','20141215032305519835.jpg'),(6,'OLEVIA','2014-12-19','20141219033738168123.jpg'),(7,'SAMSUNG','2014-12-19','20141219033757528750.jpg'),(8,'SONY','2014-12-19','20141219033811005635.jpg'),(9,'LG','2014-12-19','20141219033830611449.jpg'),(10,'TCL','2014-12-19','20141219033843441138.jpg'),(11,'TOSHIBA','2014-12-19','20141219034444412491.jpg'),(12,'SHARP','2014-12-19','20141219034459937505.jpg'),(13,'LeTV','2014-01-01','20150211052452002091.jpg'),(14,'HITACHI','2014-01-01','20150105022521401670.jpg'),(15,'DIGIMATE','2014-11-01','20150105022656745910.jpg'),(16,'EIGHT','2014-01-01','20150105022740896863.jpg'),(17,'PHILIPS','2014-01-01','20150105022807281507.jpg'),(18,'PANASONIC','2014-01-01','20150105022830740575.jpg'),(19,'WHIRLPOOL','2014-01-01','20150105022923140566.jpg'),(20,'GENERAL','2014-01-01','20150105023003604254.jpg'),(21,'NORTH BAYOU','2014-01-01','20150105023056084742.jpg'),(22,'TELEDEVICE','2014-01-01','20150105023131116817.jpg'),(23,'TV PAD','2014-01-01','20150105023204698263.jpg'),(24,'MIDEA','2014-01-01','20150105023233668889.jpg'),(25,'OTHER','2014-01-01','20150105023307188666.jpg'),(26,'CARRIER','2014-01-01','20150105023341148606.jpg'),(27,'MAIGE TV','2014-01-01','20150105023413852580.jpg'),(28,'ZANUSSI','2014-01-01','20150105023437624730.jpg'),(29,'XIAOMI','2014-01-01','20150105023703819860.jpg'),(30,'MAGIC TV','2015-01-01','20150127052606312608.jpg'),(34,'HiMedia','2015-01-01','20150212060429070739.jpg'),(35,'1CHIBAN','2015-01-01','20150216062254070245.jpg'),(36,' Unblock Tech','2015-01-01','20150225101156856244.jpg'),(37,'Mitsubishi','2015-02-27','20150227070154859900.jpg');
/*!40000 ALTER TABLE `product_brand` ENABLE KEYS */;
UNLOCK TABLES;

--
-- Table structure for table `product_cat`
--

DROP TABLE IF EXISTS `product_cat`;
/*!40101 SET @saved_cs_client     = @@character_set_client */;
/*!40101 SET character_set_client = utf8 */;
CREATE TABLE `product_cat` (
  `id` int(11) NOT NULL AUTO_INCREMENT,
  `title` varchar(255) NOT NULL,
  `sort` date NOT NULL,
  `image` varchar(30) NOT NULL,
  PRIMARY KEY (`id`),
  KEY `title` (`title`),
  KEY `title_2` (`title`)
) ENGINE=InnoDB AUTO_INCREMENT=20 DEFAULT CHARSET=utf8;
/*!40101 SET character_set_client = @saved_cs_client */;

--
-- Dumping data for table `product_cat`
--

LOCK TABLES `product_cat` WRITE;
/*!40000 ALTER TABLE `product_cat` DISABLE KEYS */;
INSERT INTO `product_cat` VALUES (5,'LCD TV','2014-12-15','20141215031713469738.jpg'),(6,'DVD / Blu-ray Player','2014-12-15','20141215031739648751.jpg'),(7,'Hi-Fi / Home Theater','2014-12-15','20141215031804372734.jpg'),(8,'TV Mount','2014-12-15','20141215031821832907.jpg'),(9,'Air Conditioner','2014-12-15','20141215031844612088.jpg'),(10,'Washing Machine','2014-12-15','20141215031934588710.jpg'),(11,'Refrigerator','2014-12-15','20141215032004249608.jpg'),(12,'Antenna','2014-12-15','20141215032023016961.jpg'),(13,'Mobile','2014-12-15','20141215032038129009.jpg'),(14,'Set-top Box ','2014-12-15','20141215032053537632.jpg'),(15,'Media TV Box','2014-12-15','20150105022143500729.jpg'),(16,'Accessories','2014-12-15','20141215032121480583.jpg'),(17,'Dehumidifiers','2014-12-15','20141215032142691637.jpg'),(18,'Power Bank ','2014-12-15','20141215032152588635.jpg'),(19,'LED Lamp','2014-12-15','20141215032206425193.jpg');
/*!40000 ALTER TABLE `product_cat` ENABLE KEYS */;
UNLOCK TABLES;

--
-- Table structure for table `product_detail`
--

DROP TABLE IF EXISTS `product_detail`;
/*!40101 SET @saved_cs_client     = @@character_set_client */;
/*!40101 SET character_set_client = utf8 */;
CREATE TABLE `product_detail` (
  `id` int(11) NOT NULL AUTO_INCREMENT,
  `product_id` int(11) NOT NULL,
  `image` varchar(30) NOT NULL,
  PRIMARY KEY (`id`),
  KEY `product_id` (`product_id`),
  CONSTRAINT `product_detail_ibfk_1` FOREIGN KEY (`product_id`) REFERENCES `product` (`id`) ON DELETE CASCADE ON UPDATE CASCADE
) ENGINE=InnoDB AUTO_INCREMENT=415 DEFAULT CHARSET=utf8;
/*!40101 SET character_set_client = @saved_cs_client */;

--
-- Dumping data for table `product_detail`
--

LOCK TABLES `product_detail` WRITE;
/*!40000 ALTER TABLE `product_detail` DISABLE KEYS */;
INSERT INTO `product_detail` VALUES (34,24,'20150113051340250123.jpg'),(35,25,'20150113051318517513.jpg'),(36,26,'20150113051508582262.jpg'),(37,27,'20150113052510944777.jpg'),(38,28,'20150113052650440567.jpg'),(39,29,'20150113053004692409.jpg'),(40,30,'20150113053619832078.jpg'),(41,31,'20150113053750281635.jpg'),(42,32,'20150113054041493932.jpg'),(44,34,'20150113055300172224.jpg'),(46,36,'20150114064231775368.jpg'),(47,37,'20150114064432784641.jpg'),(48,38,'20150114064551187891.jpg'),(49,39,'20150114070107240591.jpg'),(50,40,'20150114072434693690.jpg'),(51,41,'20150114072624932710.jpg'),(52,42,'20150114053530264564.jpg'),(53,43,'20150114054055620636.jpg'),(54,44,'20150114054442092627.jpg'),(55,45,'20150114054840096824.jpg'),(56,46,'20150114055405600574.jpg'),(57,47,'20150114055835788610.jpg'),(58,48,'20150114060412593616.jpg'),(59,49,'20150114060950777493.jpg'),(60,50,'20150114061554024127.jpg'),(61,51,'20150115051459024645.jpg'),(62,52,'20150115051814148806.jpg'),(63,53,'20150115051933716778.jpg'),(64,54,'20150115052207385519.jpg'),(65,55,'20150115053046998204.jpg'),(67,57,'20150115054032873672.jpg'),(68,58,'20150120050709336874.jpg'),(69,59,'20150120051003040724.jpg'),(70,60,'20150120051159372560.jpg'),(71,61,'20150120051338855856.jpg'),(72,62,'20150120051557077662.jpg'),(73,63,'20150120051703230444.jpg'),(74,64,'20150122050645598295.jpg'),(75,65,'20150120052354712867.jpg'),(76,66,'20150120052524763957.jpg'),(77,67,'20150120052638164599.jpg'),(78,68,'20150120052752683588.jpg'),(79,69,'20150120052905347790.jpg'),(80,70,'20150120053012376533.jpg'),(81,71,'20150122063658617429.jpg'),(82,72,'20150122065630470444.jpg'),(83,73,'20150122070203388668.jpg'),(84,74,'20150122050029569353.jpg'),(85,75,'20150122050847572129.jpg'),(86,76,'20150122051329740561.jpg'),(87,77,'20150122051948588265.jpg'),(88,78,'20150122052553312616.jpg'),(89,79,'20150126025034176676.jpg'),(90,80,'20150126025441844652.jpg'),(92,80,'20150126025510708522.jpg'),(93,80,'20150126025510964560.jpg'),(94,80,'20150126025526791359.jpg'),(95,81,'20150126030151492667.jpg'),(96,82,'20150126030339556824.jpg'),(97,81,'20150126030429736673.jpg'),(98,82,'20150126030450615963.jpg'),(99,83,'20150126030918728662.jpg'),(100,84,'20150126031108353308.jpg'),(101,85,'20150126031723192696.jpg'),(102,85,'20150126031744352304.jpg'),(103,85,'20150126031744479471.jpg'),(104,85,'20150126031744660507.jpg'),(105,86,'20150126032007552728.jpg'),(106,87,'20150126032148577147.jpg'),(107,88,'20150126032327256763.jpg'),(108,89,'20150126032708071892.jpg'),(109,90,'20150126032909208781.jpg'),(110,91,'20150126033033000581.jpg'),(111,92,'20150126033259000597.jpg'),(112,93,'20150126033636355236.jpg'),(113,94,'20150126033749395648.jpg'),(114,95,'20150126034528804549.jpg'),(115,96,'20150126045726779731.jpg'),(116,97,'20150126045941269526.jpg'),(117,98,'20150126050137988670.jpg'),(118,99,'20150126050238924990.jpg'),(119,100,'20150126050427460707.jpg'),(120,101,'20150126050814268620.jpg'),(121,102,'20150126051059213551.jpg'),(122,103,'20150126051135712588.jpg'),(123,104,'20150126053930360610.jpg'),(124,105,'20150126051715320288.jpg'),(125,106,'20150126051827570774.jpg'),(126,107,'20150126051921220562.jpg'),(127,108,'20150126052413448559.jpg'),(128,109,'20150126052811274218.jpg'),(129,110,'20150126053203785527.jpg'),(130,111,'20150126053309013346.jpg'),(131,112,'20150126053617919325.jpg'),(132,113,'20150126054235400571.jpg'),(133,114,'20150126054343776619.jpg'),(134,115,'20150126054441753652.jpg'),(135,116,'20150126054941828594.jpg'),(136,117,'20150126055223244638.jpg'),(137,118,'20150126055428172580.jpg'),(138,119,'20150126055617736551.jpg'),(139,120,'20150127044926044018.jpg'),(140,121,'20150127045323891838.jpg'),(141,122,'20150127051247680704.jpg'),(142,123,'20150127052131820683.jpg'),(143,124,'20150127054239424701.jpg'),(144,125,'20150128024518839690.jpg'),(145,126,'20150128025319376713.jpg'),(146,127,'20150128025521492705.jpg'),(147,128,'20150128025815656729.jpg'),(148,129,'20150128030015989800.jpg'),(149,130,'20150128030206208645.jpg'),(150,131,'20150128030710880702.jpg'),(151,132,'20150128030937804966.jpg'),(152,133,'20150128031145181670.jpg'),(153,134,'20150128031533653163.jpg'),(154,135,'20150128031849932634.jpg'),(155,136,'20150128032052140552.jpg'),(157,138,'20150128032601960556.jpg'),(158,139,'20150128033310049555.jpg'),(159,140,'20150128033930928627.jpg'),(160,141,'20150128034627980686.jpg'),(161,142,'20150128034905400705.jpg'),(162,143,'20150128035147284965.jpg'),(163,144,'20150128035736290608.jpg'),(164,145,'20150128040055752584.jpg'),(165,146,'20150128040638760735.jpg'),(166,147,'20150128041319215538.jpg'),(167,148,'20150128041512143385.jpg'),(168,149,'20150128041714221343.jpg'),(169,150,'20150128042025545644.jpg'),(170,151,'20150128042211006346.jpg'),(171,152,'20150129044842197693.jpg'),(172,153,'20150129045332076005.jpg'),(173,154,'20150129045532124761.jpg'),(174,155,'20150129045916738925.jpg'),(175,156,'20150129050448703557.jpg'),(176,157,'20150129050726120579.jpg'),(177,158,'20150129052124620688.jpg'),(178,159,'20150129052425433170.jpg'),(179,160,'20150129071353384769.jpg'),(180,161,'20150129071636505125.jpg'),(181,162,'20150129071839998050.jpg'),(182,163,'20150129072025888668.jpg'),(183,164,'20150129075854692754.jpg'),(184,165,'20150129080049304091.jpg'),(185,166,'20150129080307356666.jpg'),(186,167,'20150129080544144762.jpg'),(188,169,'20150129102805936712.jpg'),(189,170,'20150129102956514796.jpg'),(190,171,'20150129103300152647.jpg'),(191,172,'20150129103446360620.jpg'),(192,173,'20150129103818846005.jpg'),(193,174,'20150129105631404608.jpg'),(194,175,'20150129105840844619.jpg'),(195,176,'20150129110219268651.jpg'),(196,177,'20150129110340398581.jpg'),(197,178,'20150129110753923115.jpg'),(198,179,'20150129110927391657.jpg'),(199,180,'20150129111213481112.jpg'),(200,181,'20150129111906801634.jpg'),(201,182,'20150129111825136554.jpg'),(202,183,'20150129112633572629.jpg'),(203,184,'20150129112855226562.jpg'),(204,185,'20150129012122468563.jpg'),(205,185,'20150129012301441418.jpg'),(206,186,'20150129012950016659.jpg'),(207,187,'20150202054712286288.jpg'),(208,188,'20150202055028661042.jpg'),(209,189,'20150202055236155215.jpg'),(210,190,'20150202055942111778.jpg'),(211,191,'20150202060227225955.jpg'),(212,192,'20150202060438654819.jpg'),(213,193,'20150203040651232481.jpg'),(214,194,'20150203041009471987.jpg'),(217,196,'20150210073101918426.jpg'),(218,197,'20150210073519769644.jpg'),(230,209,'20150211054057773813.jpg'),(231,210,'20150211054633505868.jpg'),(232,211,'20150212055255912084.jpg'),(233,212,'20150212060123747030.jpg'),(234,213,'20150212061306110177.jpg'),(235,214,'20150216060637105977.jpg'),(236,215,'20150216061210062591.jpg'),(237,216,'20150216061528313991.jpg'),(238,217,'20150216061901722208.jpg'),(239,218,'20150216062538872800.jpg'),(240,219,'20150216063134686817.jpg'),(241,220,'20150216063508385824.jpg'),(242,221,'20150216063751429917.jpg'),(243,222,'20150216064329283046.jpg'),(244,223,'20150216064734569964.jpg'),(245,224,'20150216065401318453.jpg'),(246,225,'20150217060108401318.jpg'),(247,226,'20150217060536214005.jpg'),(248,227,'20150217061027996337.jpg'),(249,228,'20150217061546181906.jpg'),(250,229,'20150217061746589936.jpg'),(251,230,'20150217061930677987.jpg'),(252,231,'20150224061314339437.jpg'),(253,232,'20150224062148750696.jpg'),(254,233,'20150225102030761956.jpg'),(262,236,'20150227072955406825.jpg'),(263,237,'20150227083537159117.jpg'),(264,238,'20150227085358127185.jpg'),(265,239,'20150227085826116183.jpg'),(266,240,'20150228055042599518.jpg'),(267,241,'20150228055308326589.jpg'),(268,242,'20150228055532664824.jpg'),(269,243,'20150228060009745866.jpg'),(270,244,'20150228060140454732.jpg'),(271,245,'20150228060259721844.jpg'),(272,246,'20150228060429313951.jpg'),(273,247,'20150228061326794339.jpg'),(274,248,'20150228061534001113.jpg'),(275,249,'20150228061718745819.jpg'),(276,250,'20150228061821241966.jpg'),(277,251,'20150228062015833918.jpg'),(278,252,'20150228062622534113.jpg'),(279,253,'20150228062806943912.jpg'),(280,254,'20150228063011549854.jpg'),(281,255,'20150228063149207190.jpg'),(282,256,'20150228063635881087.jpg'),(283,257,'20150228063744734199.jpg'),(284,258,'20150228063850823822.jpg'),(285,259,'20150228072219919011.jpg'),(286,260,'20150228072356954148.jpg'),(287,261,'20150228072519626760.jpg'),(288,262,'20150228074511161818.jpg'),(289,263,'20150228074642968965.jpg'),(290,264,'20150228075312445902.jpg'),(291,265,'20150228075528318437.jpg'),(292,266,'20150228080239765856.jpg'),(293,267,'20150228080518941833.jpg'),(294,268,'20150228083458050873.jpg'),(295,269,'20150228083722609838.jpg'),(296,270,'20150228084106558727.jpg'),(297,271,'20150301065127913165.jpg'),(298,272,'20150301065246272691.jpg'),(299,273,'20150301065353445895.jpg'),(300,274,'20150301070323695188.jpg'),(301,275,'20150301070839706784.jpg'),(302,276,'20150301071058701891.jpg'),(303,277,'20150301071707205916.jpg'),(304,278,'20150301071937659317.jpg'),(305,279,'20150301072123497874.jpg'),(306,280,'20150301072703812493.jpg'),(307,281,'20150301073012445734.jpg'),(308,282,'20150301073255708444.jpg'),(309,283,'20150301073715847304.jpg'),(310,284,'20150301074134726583.jpg'),(311,285,'20150301074444960038.jpg'),(312,286,'20150302083122362854.jpg'),(313,287,'20150302083343794246.jpg'),(314,288,'20150302084932056904.jpg'),(315,289,'20150302085349669672.jpg'),(316,290,'20150302085920486036.jpg'),(317,291,'20150303080449529922.jpg'),(318,292,'20150303080816286694.jpg'),(319,293,'20150306112903655901.jpg'),(320,294,'20150306113009474046.jpg'),(321,295,'20150306113537110306.jpg'),(322,296,'20150306114749653898.jpg'),(323,297,'20150306115033650727.jpg'),(324,298,'20150306120114449846.jpg'),(325,299,'20150306120311982721.jpg'),(326,300,'20150309081059767693.jpg'),(327,301,'20150309081404718899.jpg'),(328,302,'20150309084839450856.jpg'),(329,303,'20150309084951025867.jpg'),(330,304,'20150309085133773942.jpg'),(331,305,'20150309085306252629.jpg'),(332,306,'20150309085509178510.jpg'),(333,307,'20150309085950469929.jpg'),(334,308,'20150309090048241815.jpg'),(335,309,'20150309090317898852.jpg'),(336,310,'20150309090513104814.jpg'),(337,311,'20150309090654589804.jpg'),(338,312,'20150309090831521899.jpg'),(339,313,'20150309091255205810.jpg'),(340,314,'20150309091716774003.jpg'),(341,315,'20150309091958063692.jpg'),(344,317,'20150311072605203402.jpg'),(345,318,'20150311073212546811.jpg'),(346,319,'20150311073458750782.jpg'),(347,320,'20150311073606392987.jpg'),(348,321,'20150311081254781996.jpg'),(349,322,'20150311084641110059.jpg'),(350,323,'20150311084824308461.jpg'),(351,324,'20150311085255017359.jpg'),(352,325,'20150311085543126892.jpg'),(353,326,'20150311090018945913.jpg'),(354,327,'20150311090740547096.jpg'),(355,328,'20150313075952781141.jpg'),(356,329,'20150313080249093926.jpg'),(357,330,'20150313080618978140.jpg'),(358,331,'20150314075516577634.jpg'),(359,332,'20150314080826933931.jpg'),(360,333,'20150314083831121958.jpg'),(361,334,'20150314110920445854.jpg'),(362,335,'20150314111123865900.jpg'),(363,336,'20150314111753661901.jpg'),(364,337,'20150314112130809828.jpg'),(365,338,'20150314112259365964.jpg'),(366,339,'20150316094436619812.jpg'),(367,340,'20150316094643542681.jpg'),(368,341,'20150316095122685106.jpg'),(369,342,'20150316101613841818.jpg'),(370,343,'20150317062847827800.jpg'),(371,344,'20150317063623763741.jpg'),(372,345,'20150317065107714271.jpg'),(373,346,'20150317065558181622.jpg'),(374,347,'20150317065903225356.jpg'),(375,348,'20150317071158177901.jpg'),(376,349,'20150317071545250190.jpg'),(377,350,'20150317072152825165.jpg'),(378,351,'20150317072344995229.jpg'),(379,352,'20150317072638865820.jpg'),(380,353,'20150317074231569875.jpg'),(381,354,'20150317074757089822.jpg'),(382,355,'20150317075022570981.jpg'),(383,356,'20150317075322549876.jpg'),(384,357,'20150317075646620879.jpg'),(385,358,'20150317075905760104.jpg'),(386,359,'20150317080227401825.jpg'),(387,360,'20150319084649462029.jpg'),(388,361,'20150325075121482554.jpg'),(389,362,'20150325075245421960.jpg'),(390,363,'20150325075448675093.jpg'),(391,364,'20150325075551741789.jpg'),(392,365,'20150325075954161798.jpg'),(393,366,'20150325080115029817.jpg'),(394,367,'20150325080911334171.jpg'),(395,368,'20150325081305750746.jpg'),(396,369,'20150325081839438714.jpg'),(397,370,'20150325082012730063.jpg'),(398,371,'20150325082459846827.jpg'),(399,372,'20150325082705261663.jpg'),(400,373,'20150325082914781888.jpg'),(401,374,'20150325083118900971.jpg'),(402,375,'20150325084635819683.jpg'),(403,376,'20150326064649771794.jpg'),(404,377,'20150326064915879331.jpg'),(405,378,'20150326065021577857.jpg'),(406,379,'20150326065511691159.jpg'),(407,380,'20150326065640321916.jpg'),(408,381,'20150326070102427443.jpg'),(409,382,'20150326070201845866.jpg'),(410,383,'20150326071056902620.jpg'),(411,384,'20150326071217961918.jpg'),(412,385,'20150326071630297254.jpg'),(413,386,'20150326071751515297.jpg'),(414,387,'20150326080029597286.jpg');
/*!40000 ALTER TABLE `product_detail` ENABLE KEYS */;
UNLOCK TABLES;

--
-- Table structure for table `project`
--

DROP TABLE IF EXISTS `project`;
/*!40101 SET @saved_cs_client     = @@character_set_client */;
/*!40101 SET character_set_client = utf8 */;
CREATE TABLE `project` (
  `id` int(11) NOT NULL AUTO_INCREMENT,
  `title` varchar(255) NOT NULL,
  `category` int(11) NOT NULL,
  `sort` date NOT NULL,
  `show` date NOT NULL,
  `image` varchar(30) NOT NULL,
  PRIMARY KEY (`id`),
  KEY `category` (`category`),
  CONSTRAINT `project_ibfk_1` FOREIGN KEY (`category`) REFERENCES `project_cat` (`id`) ON DELETE CASCADE ON UPDATE CASCADE
) ENGINE=InnoDB AUTO_INCREMENT=43 DEFAULT CHARSET=utf8;
/*!40101 SET character_set_client = @saved_cs_client */;

--
-- Dumping data for table `project`
--

LOCK TABLES `project` WRITE;
/*!40000 ALTER TABLE `project` DISABLE KEYS */;
INSERT INTO `project` VALUES (17,'銅鑼灣百德新街(惠康超級廣場) MAR-2012',2,'2012-03-01','2012-03-01','20150127100605469600.jpg'),(18,'馬鞍山新港城中心(惠康超級廣場) MAR-2012',2,'2012-03-01','2012-03-01','20150127100830293091.jpg'),(19,'油塘鯉魚門廣場(惠康超級廣場) MAR-2012',2,'2012-03-01','2012-03-01','20150127101013260829.jpg'),(20,'科學園 65\"LCD TV掛牆安裝 SEP-2010',2,'2010-12-31','2010-12-31','20150127101244316518.jpg'),(22,'元朗工業村製藥公司 JAN-2013',2,'2013-01-23','2013-01-31','20150127101557065169.jpg'),(23,'坑口靈實診所 FEB-2013',2,'2013-02-05','2013-02-05','20150127101753578820.jpg'),(24,'健明村靈實診所 FEB-2013',2,'2013-02-13','2013-02-13','20150127101903320705.jpg'),(25,'中環萬通銀行大廈 60\" LED TV  FEB-2013',2,'2013-02-23','0213-02-23','20150127102054139034.jpg'),(26,'3家居寬頻xOLEVIA 流動電視架 JUL-2013',2,'2013-07-18','2013-07-18','20150127102209685024.jpg'),(27,'尖沙咀康宏廣場大廈 65\" LED TV OCT-2013',2,'2013-10-09','2013-10-09','20150127102453916575.jpg'),(28,'屯門海典軒商場 NOV-2013',2,'2013-11-14','2013-11-14','20150127102652257647.jpg'),(29,'何文田東華三院黃祖棠護理安老院 JAN-2014',2,'2014-01-09','2014-01-09','20150129043339998548.jpg'),(31,'土瓜灣下鄉道住宅 55\" LEDTV JAN-2014',2,'2014-01-29','2014-01-29','20150127104227313652.jpg'),(32,'香港理工大學 MAR-2014',2,'2014-03-12','2014-03-12','20150127104408649671.jpg'),(33,'尖沙咀LCX@APTech MAY-2014',2,'2014-05-24','0214-05-24','20150127104532949482.jpg'),(35,'荃灣南豐中心 55\" TV JUN-2014',2,'2014-06-06','2014-06-06','20150127054125200373.jpg'),(36,'長沙灣電腦商會 65\" 天花安裝 JUL-2014',2,'2014-07-24','2014-07-24','20150127054319791738.jpg'),(37,'九龍灣德福廣場 OCT-2014',2,'2014-10-01','2014-10-01','20150127054508188735.jpg'),(39,'中環 牙科診所 NOV-2014',2,'2014-11-29','2014-11-29','20150127054833008533.jpg'),(40,'沙田中文大學 OCT-2014',2,'2014-10-15','2014-10-15','20150128103437997571.jpg'),(41,'大圍東華三院名薈頤庭 NOV-2014',2,'2014-11-28','2014-11-28','20150128103725643315.jpg'),(42,'旺角雅蘭中心 JAN-2015',2,'2015-01-11','2015-01-11','20150128103933382776.jpg');
/*!40000 ALTER TABLE `project` ENABLE KEYS */;
UNLOCK TABLES;

--
-- Table structure for table `project_cat`
--

DROP TABLE IF EXISTS `project_cat`;
/*!40101 SET @saved_cs_client     = @@character_set_client */;
/*!40101 SET character_set_client = utf8 */;
CREATE TABLE `project_cat` (
  `id` int(11) NOT NULL AUTO_INCREMENT,
  `title` varchar(255) CHARACTER SET utf8 NOT NULL,
  `sort` date NOT NULL,
  PRIMARY KEY (`id`)
) ENGINE=InnoDB AUTO_INCREMENT=3 DEFAULT CHARSET=latin1;
/*!40101 SET character_set_client = @saved_cs_client */;

--
-- Dumping data for table `project_cat`
--

LOCK TABLES `project_cat` WRITE;
/*!40000 ALTER TABLE `project_cat` DISABLE KEYS */;
INSERT INTO `project_cat` VALUES (2,'電視、屏幕安裝','2012-01-01');
/*!40000 ALTER TABLE `project_cat` ENABLE KEYS */;
UNLOCK TABLES;

--
-- Table structure for table `project_detail`
--

DROP TABLE IF EXISTS `project_detail`;
/*!40101 SET @saved_cs_client     = @@character_set_client */;
/*!40101 SET character_set_client = utf8 */;
CREATE TABLE `project_detail` (
  `id` int(11) NOT NULL AUTO_INCREMENT,
  `project_id` int(11) NOT NULL,
  `image` varchar(30) NOT NULL,
  PRIMARY KEY (`id`),
  KEY `project_id` (`project_id`),
  CONSTRAINT `project_detail_ibfk_1` FOREIGN KEY (`project_id`) REFERENCES `project` (`id`) ON DELETE CASCADE ON UPDATE CASCADE
) ENGINE=InnoDB AUTO_INCREMENT=165 DEFAULT CHARSET=utf8;
/*!40101 SET character_set_client = @saved_cs_client */;

--
-- Dumping data for table `project_detail`
--

LOCK TABLES `project_detail` WRITE;
/*!40000 ALTER TABLE `project_detail` DISABLE KEYS */;
INSERT INTO `project_detail` VALUES (57,17,'20150127100605469600.jpg'),(58,17,'20150127100624445594.jpg'),(59,17,'20150127100624572799.jpg'),(60,18,'20150127100830293091.jpg'),(61,18,'20150127100845545525.jpg'),(62,18,'20150127100845712424.jpg'),(63,19,'20150127101013260829.jpg'),(64,19,'20150127101037285589.jpg'),(65,19,'20150127101037432553.jpg'),(66,20,'20150127101244316518.jpg'),(67,20,'20150127101258325990.jpg'),(72,22,'20150127101557065169.jpg'),(73,22,'20150127101617575061.jpg'),(74,22,'20150127101617724477.jpg'),(75,22,'20150127101617844508.jpg'),(76,22,'20150127101617992487.jpg'),(77,22,'20150127101618096421.jpg'),(78,23,'20150127101753578820.jpg'),(79,23,'20150127101807766190.jpg'),(80,23,'20150127101807896630.jpg'),(81,24,'20150127101903320705.jpg'),(82,24,'20150127101916923708.jpg'),(83,24,'20150127101917062553.jpg'),(84,25,'20150127102054139034.jpg'),(85,25,'20150127102109341559.jpg'),(86,26,'20150127102209685024.jpg'),(87,26,'20150127102225369528.jpg'),(88,26,'20150127102225511456.jpg'),(89,26,'20150127102225660486.jpg'),(90,26,'20150127102225796538.jpg'),(91,27,'20150127102453916575.jpg'),(92,27,'20150127102517115108.jpg'),(93,27,'20150127102517252573.jpg'),(94,28,'20150127102652257647.jpg'),(95,28,'20150127102710793524.jpg'),(96,28,'20150127102710941495.jpg'),(97,28,'20150127102711067491.jpg'),(98,28,'20150127102711262448.jpg'),(106,31,'20150127104227313652.jpg'),(107,31,'20150127104247720797.jpg'),(108,31,'20150127104247862502.jpg'),(109,32,'20150127104408649671.jpg'),(110,32,'20150127104427020759.jpg'),(111,32,'20150127104427136073.jpg'),(112,32,'20150127104427260981.jpg'),(113,32,'20150127104427356446.jpg'),(114,33,'20150127104532949482.jpg'),(115,33,'20150127104553374933.jpg'),(116,33,'20150127104553455008.jpg'),(117,33,'20150127104553544404.jpg'),(118,33,'20150127104553632446.jpg'),(126,35,'20150127054125200373.jpg'),(127,35,'20150127054142932691.jpg'),(128,35,'20150127054143050211.jpg'),(129,35,'20150127054143144471.jpg'),(130,36,'20150127054319791738.jpg'),(131,36,'20150127054342104650.jpg'),(132,36,'20150127054342233067.jpg'),(133,36,'20150127054342360485.jpg'),(134,36,'20150127054342452512.jpg'),(135,37,'20150127054508188735.jpg'),(136,37,'20150127054527238209.jpg'),(137,37,'20150127054527372569.jpg'),(144,39,'20150127054833008533.jpg'),(145,39,'20150127054854808662.jpg'),(146,39,'20150127054854932442.jpg'),(147,39,'20150127054855048429.jpg'),(148,39,'20150127054855132364.jpg'),(149,39,'20150127054855216409.jpg'),(152,40,'20150128103456481934.jpg'),(153,40,'20150128103456624541.jpg'),(154,40,'20150128103522029433.jpg'),(155,41,'20150128103725643315.jpg'),(157,41,'20150128103745088506.jpg'),(158,41,'20150128103745205645.jpg'),(159,42,'20150128103933382776.jpg'),(160,42,'20150128103952725603.jpg'),(161,42,'20150128103952865787.jpg'),(162,29,'20150129043413635358.jpg'),(163,29,'20150129043413764373.jpg'),(164,29,'20150129043413892077.jpg');
/*!40000 ALTER TABLE `project_detail` ENABLE KEYS */;
UNLOCK TABLES;

--
-- Table structure for table `user`
--

DROP TABLE IF EXISTS `user`;
/*!40101 SET @saved_cs_client     = @@character_set_client */;
/*!40101 SET character_set_client = utf8 */;
CREATE TABLE `user` (
  `id` int(11) NOT NULL AUTO_INCREMENT,
  `username` varchar(10) NOT NULL,
  `password` varchar(50) NOT NULL,
  `level` int(11) NOT NULL DEFAULT '0',
  PRIMARY KEY (`id`)
) ENGINE=InnoDB AUTO_INCREMENT=2 DEFAULT CHARSET=utf8;
/*!40101 SET character_set_client = @saved_cs_client */;

--
-- Dumping data for table `user`
--

LOCK TABLES `user` WRITE;
/*!40000 ALTER TABLE `user` DISABLE KEYS */;
INSERT INTO `user` VALUES (1,'admin','54da519793f8f2bd7ad6dc181fd0132395b8df93',0);
/*!40000 ALTER TABLE `user` ENABLE KEYS */;
UNLOCK TABLES;
/*!40103 SET TIME_ZONE=@OLD_TIME_ZONE */;

/*!40101 SET SQL_MODE=@OLD_SQL_MODE */;
/*!40014 SET FOREIGN_KEY_CHECKS=@OLD_FOREIGN_KEY_CHECKS */;
/*!40014 SET UNIQUE_CHECKS=@OLD_UNIQUE_CHECKS */;
/*!40101 SET CHARACTER_SET_CLIENT=@OLD_CHARACTER_SET_CLIENT */;
/*!40101 SET CHARACTER_SET_RESULTS=@OLD_CHARACTER_SET_RESULTS */;
/*!40101 SET COLLATION_CONNECTION=@OLD_COLLATION_CONNECTION */;
/*!40111 SET SQL_NOTES=@OLD_SQL_NOTES */;

-- Dump completed on 2015-04-06 15:02:32
